id,title,description,availability,condition,price,link,image_link,additional_image_link,brand,custom_label_0,custom_label_1,custom_label_2
AR-0001,AR-0001 · Área comercial na entrada de Gravatá 29ha,"Oportunidade comercial em localização privilegiada. Área comercial em Gravatá. 💰 R$ 29.000.000. Agende sua visita e venha se encantar! 📲

Código AR-0001 · Angelo Rabêlo, Corretor CRECI-PE 9560 · WhatsApp (81) 99383-7490",in stock,new,29000000.00 BRL,https://www.angelorabeloimoveis.com.br/imovel/AR-0001/?utm_source=whatsapp&utm_medium=catalogo&utm_campaign=AR-0001,https://www.angelorabeloimoveis.com.br/catalogo/img/AR-0001.jpg?v=97074d761e48,https://www.angelorabeloimoveis.com.br/assets/imoveis/og/AR-0001.jpg,Rabêlo Imóveis,Área comercial,Gravatá,Venda
AR-0002,AR-0002 · Casa em condomínio de Alto Padrão Gravatá-PE,"Conforto, elegância e localização — tudo em um só imóvel. 🏡 4 quartos (3 suítes), 2 banheiros, 8 vagas, 2000 m². 💰 R$ 1.800.000. Chama no WhatsApp e realize esse sonho. 🤝

Código AR-0002 · Angelo Rabêlo, Corretor CRECI-PE 9560 · WhatsApp (81) 99383-7490",in stock,new,1800000.00 BRL,https://www.angelorabeloimoveis.com.br/imovel/AR-0002/?utm_source=whatsapp&utm_medium=catalogo&utm_campaign=AR-0002,https://www.angelorabeloimoveis.com.br/catalogo/img/AR-0002.jpg?v=ac1c73adf5ea,https://www.angelorabeloimoveis.com.br/assets/imoveis/og/AR-0002.jpg,Rabêlo Imóveis,Casa em condomínio,Gravatá,Venda
AR-0003,AR-0003 · Casa em condomínio em Gravatá,"Seu novo endereço de alto padrão em Gravatá! ✨ 6 banheiros, 4 vagas, 1000 m². 💰 R$ 800.000. Agende sua visita e venha se encantar! 📲

Código AR-0003 · Angelo Rabêlo, Corretor CRECI-PE 9560 · WhatsApp (81) 99383-7490",in stock,new,800000.00 BRL,https://www.angelorabeloimoveis.com.br/imovel/AR-0003/?utm_source=whatsapp&utm_medium=catalogo&utm_campaign=AR-0003,https://www.angelorabeloimoveis.com.br/catalogo/img/AR-0003.jpg?v=6cdcc2c5f69b,https://www.angelorabeloimoveis.com.br/assets/imoveis/og/AR-0003.jpg,Rabêlo Imóveis,Casa em condomínio,Gravatá,"Venda, Aluguel"
AR-0005,"AR-0005 · Casa fora de condomínio em Novo horizonte, Gravatá","Conforto, elegância e localização — tudo em um só imóvel. 🏡 2 quartos (2 suítes), 1 banheiros, 2 vagas, 140 m². 💰 R$ 550.000. Chama no WhatsApp e realize esse sonho. 🤝

Código AR-0005 · Angelo Rabêlo, Corretor CRECI-PE 9560 · WhatsApp (81) 99383-7490",in stock,new,550000.00 BRL,https://www.angelorabeloimoveis.com.br/imovel/AR-0005/?utm_source=whatsapp&utm_medium=catalogo&utm_campaign=AR-0005,https://www.angelorabeloimoveis.com.br/catalogo/img/AR-0005.jpg?v=6b1a2c2fca40,https://www.angelorabeloimoveis.com.br/assets/imoveis/og/AR-0005.jpg,Rabêlo Imóveis,Casa fora de condomínio,Gravatá,Venda
AR-0006,AR-0006 · EXCELENTE HARAS COM 4.28HA AS MARGENS DA BR 232 EM GRAVATÁ,"Uma verdadeira joia rural no coração do Agreste! 🌿 Haras em Gravatá. 💰 R$ 2.200.000. Chama no WhatsApp e realize esse sonho. 🤝

Código AR-0006 · Angelo Rabêlo, Corretor CRECI-PE 9560 · WhatsApp (81) 99383-7490",in stock,new,2200000.00 BRL,https://www.angelorabeloimoveis.com.br/imovel/AR-0006/?utm_source=whatsapp&utm_medium=catalogo&utm_campaign=AR-0006,https://www.angelorabeloimoveis.com.br/catalogo/img/AR-0006.jpg?v=c70fb43e2bb2,https://www.angelorabeloimoveis.com.br/assets/imoveis/og/AR-0006.jpg,Rabêlo Imóveis,Haras,Gravatá,Venda
AR-0007,AR-0007 · Excelente área de 2.7ha na BR232,"Ponto estratégico para o seu negócio decolar! 📈 Área comercial em Sairé. 💰 R$ 2.200.000. Agende sua visita e venha se encantar! 📲

Código AR-0007 · Angelo Rabêlo, Corretor CRECI-PE 9560 · WhatsApp (81) 99383-7490",in stock,new,2200000.00 BRL,https://www.angelorabeloimoveis.com.br/imovel/AR-0007/?utm_source=whatsapp&utm_medium=catalogo&utm_campaign=AR-0007,https://www.angelorabeloimoveis.com.br/catalogo/img/AR-0007.jpg?v=a41d77658e2b,https://www.angelorabeloimoveis.com.br/assets/imoveis/og/AR-0007.jpg,Rabêlo Imóveis,Área comercial,Sairé,Venda
AR-0008,AR-0008 · Fazenda 230 ha Caroalina - Sertânia-PE,"Uma verdadeira joia rural no coração do Agreste! 🌿 Fazenda em Sertânia. 💰 R$ 1.500.000. Fale comigo agora e garanta essa oportunidade! 🔑

Código AR-0008 · Angelo Rabêlo, Corretor CRECI-PE 9560 · WhatsApp (81) 99383-7490",in stock,new,1500000.00 BRL,https://www.angelorabeloimoveis.com.br/imovel/AR-0008/?utm_source=whatsapp&utm_medium=catalogo&utm_campaign=AR-0008,https://www.angelorabeloimoveis.com.br/catalogo/img/AR-0008.jpg?v=bd8ea0638bca,https://www.angelorabeloimoveis.com.br/assets/imoveis/og/AR-0008.jpg,Rabêlo Imóveis,Fazenda,Sertânia,Venda
AR-0009,AR-0009 · Sítio 8 ha à Venda em Sairé/PE,"O sonho de ter seu pedaço de campo começa aqui. 🌾 Sítio em Sairé. 💰 R$ 1.750.000. Agende sua visita e venha se encantar! 📲

Código AR-0009 · Angelo Rabêlo, Corretor CRECI-PE 9560 · WhatsApp (81) 99383-7490",in stock,new,1750000.00 BRL,https://www.angelorabeloimoveis.com.br/imovel/AR-0009/?utm_source=whatsapp&utm_medium=catalogo&utm_campaign=AR-0009,https://www.angelorabeloimoveis.com.br/catalogo/img/AR-0009.jpg?v=f304fa024b7a,https://www.angelorabeloimoveis.com.br/assets/imoveis/og/AR-0009.jpg,Rabêlo Imóveis,Sítio,Sairé,Venda
AR-0010,AR-0010 · Casa em Condomínio 4 quartos à Venda em Gravatá/PE,"Seu novo endereço de alto padrão em Gravatá! ✨ 4 quartos (3 suítes), 1 vagas. 💰 R$ 980.000. Agende sua visita e venha se encantar! 📲

Código AR-0010 · Angelo Rabêlo, Corretor CRECI-PE 9560 · WhatsApp (81) 99383-7490",in stock,new,980000.00 BRL,https://www.angelorabeloimoveis.com.br/imovel/AR-0010/?utm_source=whatsapp&utm_medium=catalogo&utm_campaign=AR-0010,https://www.angelorabeloimoveis.com.br/catalogo/img/AR-0010.jpg?v=4cbdebec0481,https://www.angelorabeloimoveis.com.br/assets/imoveis/og/AR-0010.jpg,Rabêlo Imóveis,Casa em condomínio,Gravatá,Venda
AR-0011,AR-0011 · Fazenda 50 ha à Venda em Mandacarú/PE,"Natureza, espaço e tranquilidade num só lugar. Fazenda em Mandacarú. 💰 R$ 3.500.000. Fale comigo agora e garanta essa oportunidade! 🔑

Código AR-0011 · Angelo Rabêlo, Corretor CRECI-PE 9560 · WhatsApp (81) 99383-7490",in stock,new,3500000.00 BRL,https://www.angelorabeloimoveis.com.br/imovel/AR-0011/?utm_source=whatsapp&utm_medium=catalogo&utm_campaign=AR-0011,https://www.angelorabeloimoveis.com.br/catalogo/img/AR-0011.jpg?v=5b52b73dd647,https://www.angelorabeloimoveis.com.br/assets/imoveis/og/AR-0011.jpg,Rabêlo Imóveis,Fazenda,Gravatá,Venda
AR-0012,AR-0012 · Casa em Condomínio à Venda em Gravatá/PE,"Seu novo endereço de alto padrão em Gravatá! ✨ 💰 R$ 1.500.000. Chama no WhatsApp e realize esse sonho. 🤝

Código AR-0012 · Angelo Rabêlo, Corretor CRECI-PE 9560 · WhatsApp (81) 99383-7490",in stock,new,1500000.00 BRL,https://www.angelorabeloimoveis.com.br/imovel/AR-0012/?utm_source=whatsapp&utm_medium=catalogo&utm_campaign=AR-0012,https://www.angelorabeloimoveis.com.br/catalogo/img/AR-0012.jpg?v=f2287450adda,https://www.angelorabeloimoveis.com.br/assets/imoveis/og/AR-0012.jpg,Rabêlo Imóveis,Casa em condomínio,Gravatá,Venda
AR-0013,AR-0013 · Chácara 4 ha à Venda em Gravatá/PE,"Uma verdadeira joia rural no coração do Agreste! 🌿 Chácara em Gravatá. 💰 R$ 3.800.000. Agende sua visita e venha se encantar! 📲

Código AR-0013 · Angelo Rabêlo, Corretor CRECI-PE 9560 · WhatsApp (81) 99383-7490",in stock,new,3800000.00 BRL,https://www.angelorabeloimoveis.com.br/imovel/AR-0013/?utm_source=whatsapp&utm_medium=catalogo&utm_campaign=AR-0013,https://www.angelorabeloimoveis.com.br/catalogo/img/AR-0013.jpg?v=9e2fb9d423ae,https://www.angelorabeloimoveis.com.br/assets/imoveis/og/AR-0013.jpg,Rabêlo Imóveis,Chácara,Gravatá,Venda
AR-0014,AR-0014 · Casa em Condomínio à Venda em Gravatá/PE,"Imóvel impecável, pronto para receber você e sua família. 💰 R$ 4.000.000. Chama no WhatsApp e realize esse sonho. 🤝

Código AR-0014 · Angelo Rabêlo, Corretor CRECI-PE 9560 · WhatsApp (81) 99383-7490",in stock,new,4000000.00 BRL,https://www.angelorabeloimoveis.com.br/imovel/AR-0014/?utm_source=whatsapp&utm_medium=catalogo&utm_campaign=AR-0014,https://www.angelorabeloimoveis.com.br/catalogo/img/AR-0014.jpg?v=b684d54e24e0,https://www.angelorabeloimoveis.com.br/assets/imoveis/og/AR-0014.jpg,Rabêlo Imóveis,Casa em condomínio,Gravatá,Venda
AR-0015,AR-0015 · Sítio 7 ha à Venda em Gravatá/PE,"Natureza, espaço e tranquilidade num só lugar. Sítio em Gravatá. 💰 R$ 2.500.000. Agende sua visita e venha se encantar! 📲

Código AR-0015 · Angelo Rabêlo, Corretor CRECI-PE 9560 · WhatsApp (81) 99383-7490",in stock,new,2500000.00 BRL,https://www.angelorabeloimoveis.com.br/imovel/AR-0015/?utm_source=whatsapp&utm_medium=catalogo&utm_campaign=AR-0015,https://www.angelorabeloimoveis.com.br/catalogo/img/AR-0015.jpg?v=a9ebdfcc53d6,https://www.angelorabeloimoveis.com.br/assets/imoveis/og/AR-0015.jpg,Rabêlo Imóveis,Sítio,Gravatá,Venda
AR-0016,AR-0016 · Fazenda 116 ha à Venda em Gravatá/PE,"Natureza, espaço e tranquilidade num só lugar. Fazenda em Gravatá. 💰 R$ 3.500.000. Chama no WhatsApp e realize esse sonho. 🤝

Código AR-0016 · Angelo Rabêlo, Corretor CRECI-PE 9560 · WhatsApp (81) 99383-7490",in stock,new,3500000.00 BRL,https://www.angelorabeloimoveis.com.br/imovel/AR-0016/?utm_source=whatsapp&utm_medium=catalogo&utm_campaign=AR-0016,https://www.angelorabeloimoveis.com.br/catalogo/img/AR-0016.jpg?v=c211ea610f9f,https://www.angelorabeloimoveis.com.br/assets/imoveis/og/AR-0016.jpg,Rabêlo Imóveis,Fazenda,Gravatá,Venda
AR-0017,AR-0017 · Fazenda 1.200 ha à Venda em Amaraji/PE,"O sonho de ter seu pedaço de campo começa aqui. 🌾 Fazenda em Amaraji. 💰 R$ 27.600.000. Agende sua visita e venha se encantar! 📲

Código AR-0017 · Angelo Rabêlo, Corretor CRECI-PE 9560 · WhatsApp (81) 99383-7490",in stock,new,27600000.00 BRL,https://www.angelorabeloimoveis.com.br/imovel/AR-0017/?utm_source=whatsapp&utm_medium=catalogo&utm_campaign=AR-0017,https://www.angelorabeloimoveis.com.br/catalogo/img/AR-0017.jpg?v=fd1efd765b18,https://www.angelorabeloimoveis.com.br/assets/imoveis/og/AR-0017.jpg,Rabêlo Imóveis,Fazenda,Amaraji,Venda
AR-0018,AR-0018 · Flat em excelente hotel em Gravatá-PE,"Seu novo endereço de alto padrão em Gravatá! ✨ 💰 R$ 980.000. Agende sua visita e venha se encantar! 📲

Código AR-0018 · Angelo Rabêlo, Corretor CRECI-PE 9560 · WhatsApp (81) 99383-7490",in stock,new,980000.00 BRL,https://www.angelorabeloimoveis.com.br/imovel/AR-0018/?utm_source=whatsapp&utm_medium=catalogo&utm_campaign=AR-0018,https://www.angelorabeloimoveis.com.br/catalogo/img/AR-0018.jpg?v=766a109a9222,https://www.angelorabeloimoveis.com.br/assets/imoveis/og/AR-0018.jpg,Rabêlo Imóveis,Flat,Gravatá,Venda
AR-0019,AR-0019 · Casa à Venda em Gravatá/PE,"Imóvel impecável, pronto para receber você e sua família. 2 quartos (5 suítes), 7 banheiros, 6 vagas, 2124 m². 💰 R$ 1.050.000. Agende sua visita e venha se encantar! 📲

Código AR-0019 · Angelo Rabêlo, Corretor CRECI-PE 9560 · WhatsApp (81) 99383-7490",in stock,new,1050000.00 BRL,https://www.angelorabeloimoveis.com.br/imovel/AR-0019/?utm_source=whatsapp&utm_medium=catalogo&utm_campaign=AR-0019,https://www.angelorabeloimoveis.com.br/catalogo/img/AR-0019.jpg?v=09404b71fe07,https://www.angelorabeloimoveis.com.br/assets/imoveis/og/AR-0019.jpg,Rabêlo Imóveis,Casa fora de condomínio,Gravatá,Venda
AR-0020,AR-0020 · Chácara 8 ha à Venda em Gravatá/PE,"O sonho de ter seu pedaço de campo começa aqui. 🌾 Chácara em Gravatá. 💰 R$ 980.000. Fale comigo agora e garanta essa oportunidade! 🔑

Código AR-0020 · Angelo Rabêlo, Corretor CRECI-PE 9560 · WhatsApp (81) 99383-7490",in stock,new,980000.00 BRL,https://www.angelorabeloimoveis.com.br/imovel/AR-0020/?utm_source=whatsapp&utm_medium=catalogo&utm_campaign=AR-0020,https://www.angelorabeloimoveis.com.br/catalogo/img/AR-0020.jpg?v=6fd8107939dd,https://www.angelorabeloimoveis.com.br/assets/imoveis/og/AR-0020.jpg,Rabêlo Imóveis,Chácara,Gravatá,Venda
AR-0021,AR-0021 · Chácara 6 ha à Venda em Limeira - Gravatá,"Uma verdadeira joia rural no coração do Agreste! 🌿 Chácara em Limeira - Gravatá. 💰 R$ 480.000. Chama no WhatsApp e realize esse sonho. 🤝

Código AR-0021 · Angelo Rabêlo, Corretor CRECI-PE 9560 · WhatsApp (81) 99383-7490",in stock,new,480000.00 BRL,https://www.angelorabeloimoveis.com.br/imovel/AR-0021/?utm_source=whatsapp&utm_medium=catalogo&utm_campaign=AR-0021,https://www.angelorabeloimoveis.com.br/catalogo/img/AR-0021.jpg?v=f99e0a097c47,https://www.angelorabeloimoveis.com.br/assets/imoveis/og/AR-0021.jpg,Rabêlo Imóveis,Chácara,Gravatá,Venda
AR-0023,AR-0023 · Fazenda 344 ha à Venda em Gravatá/PE,"O sonho de ter seu pedaço de campo começa aqui. 🌾 Fazenda em Gravatá. 💰 R$ 41.280.000. Chama no WhatsApp e realize esse sonho. 🤝

Código AR-0023 · Angelo Rabêlo, Corretor CRECI-PE 9560 · WhatsApp (81) 99383-7490",in stock,new,41280000.00 BRL,https://www.angelorabeloimoveis.com.br/imovel/AR-0023/?utm_source=whatsapp&utm_medium=catalogo&utm_campaign=AR-0023,https://www.angelorabeloimoveis.com.br/catalogo/img/AR-0023.jpg?v=2995edd0a393,https://www.angelorabeloimoveis.com.br/assets/imoveis/og/AR-0023.jpg,Rabêlo Imóveis,Fazenda,Gravatá,Venda
AR-0024,AR-0024 · Fazenda com 30 hectares em Gravatá - PE.,"Natureza, espaço e tranquilidade num só lugar. Fazenda em Gravatá. 💰 R$ 10.000.000. Agende sua visita e venha se encantar! 📲

Código AR-0024 · Angelo Rabêlo, Corretor CRECI-PE 9560 · WhatsApp (81) 99383-7490",in stock,new,10000000.00 BRL,https://www.angelorabeloimoveis.com.br/imovel/AR-0024/?utm_source=whatsapp&utm_medium=catalogo&utm_campaign=AR-0024,https://www.angelorabeloimoveis.com.br/catalogo/img/AR-0024.jpg?v=8d338784adaa,https://www.angelorabeloimoveis.com.br/assets/imoveis/og/AR-0024.jpg,Rabêlo Imóveis,Fazenda,Gravatá,Venda
AR-0025,AR-0025 · Casa de campo próximo ao centro da cidade de Gravatá-PE.,"Seu novo endereço de alto padrão em Gravatá! ✨ 1200 m². 💰 R$ 1.100.000. Chama no WhatsApp e realize esse sonho. 🤝

Código AR-0025 · Angelo Rabêlo, Corretor CRECI-PE 9560 · WhatsApp (81) 99383-7490",in stock,new,1100000.00 BRL,https://www.angelorabeloimoveis.com.br/imovel/AR-0025/?utm_source=whatsapp&utm_medium=catalogo&utm_campaign=AR-0025,https://www.angelorabeloimoveis.com.br/catalogo/img/AR-0025.jpg?v=04d852b39bc0,https://www.angelorabeloimoveis.com.br/assets/imoveis/og/AR-0025.jpg,Rabêlo Imóveis,Casa fora de condomínio,Gravatá,Venda
AR-0026,AR-0026 · Fazenda à Venda em Bonito/PE – Estrutura Completa e Alto Potencial Produtivo,"Natureza, espaço e tranquilidade num só lugar. Fazenda em Bonito. 💰 R$ 6.500.000. Chama no WhatsApp e realize esse sonho. 🤝

Código AR-0026 · Angelo Rabêlo, Corretor CRECI-PE 9560 · WhatsApp (81) 99383-7490",in stock,new,6500000.00 BRL,https://www.angelorabeloimoveis.com.br/imovel/AR-0026/?utm_source=whatsapp&utm_medium=catalogo&utm_campaign=AR-0026,https://www.angelorabeloimoveis.com.br/catalogo/img/AR-0026.jpg?v=7a8d342548bc,https://www.angelorabeloimoveis.com.br/assets/imoveis/og/AR-0026.jpg,Rabêlo Imóveis,Fazenda,Bonito,Venda
AR-0027,AR-0027 · HARAS COMPLETO À VENDA EM POMBOS – PE,"Uma verdadeira joia rural no coração do Agreste! 🌿 Haras em Pombos. 💰 R$ 1.700.000. Fale comigo agora e garanta essa oportunidade! 🔑

Código AR-0027 · Angelo Rabêlo, Corretor CRECI-PE 9560 · WhatsApp (81) 99383-7490",in stock,new,1700000.00 BRL,https://www.angelorabeloimoveis.com.br/imovel/AR-0027/?utm_source=whatsapp&utm_medium=catalogo&utm_campaign=AR-0027,https://www.angelorabeloimoveis.com.br/catalogo/img/AR-0027.jpg?v=f7862df67608,https://www.angelorabeloimoveis.com.br/assets/imoveis/og/AR-0027.jpg,Rabêlo Imóveis,Haras,Pombos,Venda
AR-0028,AR-0028 · Sítio Produtivo à Venda – Excelente Oportunidade Rural em Pombos/PE,"Uma verdadeira joia rural no coração do Agreste! 🌿 Sítio em Pombos. 5.8 de área. 💰 R$ 550.000. Chama no WhatsApp e realize esse sonho. 🤝

Código AR-0028 · Angelo Rabêlo, Corretor CRECI-PE 9560 · WhatsApp (81) 99383-7490",in stock,new,550000.00 BRL,https://www.angelorabeloimoveis.com.br/imovel/AR-0028/?utm_source=whatsapp&utm_medium=catalogo&utm_campaign=AR-0028,https://www.angelorabeloimoveis.com.br/catalogo/img/AR-0028.jpg?v=8e6d418dd6a2,https://www.angelorabeloimoveis.com.br/assets/imoveis/og/AR-0028.jpg,Rabêlo Imóveis,Sítio,Pombos,Venda
AR-0029,AR-0029 · Sítio à Venda em Mandacaru – Beira de Asfalto,"Natureza, espaço e tranquilidade num só lugar. Sítio em Mandacarú. 💰 R$ 550.000. Agende sua visita e venha se encantar! 📲

Código AR-0029 · Angelo Rabêlo, Corretor CRECI-PE 9560 · WhatsApp (81) 99383-7490",in stock,new,550000.00 BRL,https://www.angelorabeloimoveis.com.br/imovel/AR-0029/?utm_source=whatsapp&utm_medium=catalogo&utm_campaign=AR-0029,https://www.angelorabeloimoveis.com.br/catalogo/img/AR-0029.jpg?v=3f3e5ec527ef,https://www.angelorabeloimoveis.com.br/assets/imoveis/og/AR-0029.jpg,Rabêlo Imóveis,Sítio,Gravatá,Venda
AR-0030,AR-0030 · Casa de Alto Padrão à Venda em Gravatá/PE – Vista Definitiva para o Vale,"Natureza, espaço e tranquilidade num só lugar. Chácara em Gravatá. 3600 de área, 3 quartos. 💰 R$ 900.000. Agende sua visita e venha se encantar! 📲

Código AR-0030 · Angelo Rabêlo, Corretor CRECI-PE 9560 · WhatsApp (81) 99383-7490",in stock,new,900000.00 BRL,https://www.angelorabeloimoveis.com.br/imovel/AR-0030/?utm_source=whatsapp&utm_medium=catalogo&utm_campaign=AR-0030,https://www.angelorabeloimoveis.com.br/catalogo/img/AR-0030.jpg?v=4d2fcd900575,https://www.angelorabeloimoveis.com.br/assets/imoveis/og/AR-0030.jpg,Rabêlo Imóveis,Chácara,Gravatá,Venda
AR-0031,AR-0031 · Casa de Alto Padrão à Venda em Chã Grande,"Imóvel impecável, pronto para receber você e sua família. 5 quartos (5 suítes), 2713.2 m². 💰 R$ 2.900.000. Agende sua visita e venha se encantar! 📲

Código AR-0031 · Angelo Rabêlo, Corretor CRECI-PE 9560 · WhatsApp (81) 99383-7490",in stock,new,2900000.00 BRL,https://www.angelorabeloimoveis.com.br/imovel/AR-0031/?utm_source=whatsapp&utm_medium=catalogo&utm_campaign=AR-0031,https://www.angelorabeloimoveis.com.br/catalogo/img/AR-0031.jpg?v=31a29d1fe2b8,https://www.angelorabeloimoveis.com.br/assets/imoveis/og/AR-0031.jpg,Rabêlo Imóveis,Casa fora de condomínio,Chã Grande,Venda
AR-0032,AR-0032 · Excelente Casa à Venda em Condomínio – Gravatá/PE,"Conforto, elegância e localização — tudo em um só imóvel. 🏡 4 quartos (4 suítes), 235 m². 💰 R$ 1.650.000. Chama no WhatsApp e realize esse sonho. 🤝

Código AR-0032 · Angelo Rabêlo, Corretor CRECI-PE 9560 · WhatsApp (81) 99383-7490",in stock,new,1650000.00 BRL,https://www.angelorabeloimoveis.com.br/imovel/AR-0032/?utm_source=whatsapp&utm_medium=catalogo&utm_campaign=AR-0032,https://www.angelorabeloimoveis.com.br/catalogo/img/AR-0032.jpg?v=241cf509a2db,https://www.angelorabeloimoveis.com.br/assets/imoveis/og/AR-0032.jpg,Rabêlo Imóveis,Casa em condomínio,Gravatá,Venda
AR-0035,AR-0035 · Fazenda à Venda em Sairé – PE | 112 Hectares,"Natureza, espaço e tranquilidade num só lugar. Fazenda em Sairé. 💰 R$ 10.000.000. Fale comigo agora e garanta essa oportunidade! 🔑

Código AR-0035 · Angelo Rabêlo, Corretor CRECI-PE 9560 · WhatsApp (81) 99383-7490",in stock,new,10000000.00 BRL,https://www.angelorabeloimoveis.com.br/imovel/AR-0035/?utm_source=whatsapp&utm_medium=catalogo&utm_campaign=AR-0035,https://www.angelorabeloimoveis.com.br/catalogo/img/AR-0035.jpg?v=b6bb346eec3b,https://www.angelorabeloimoveis.com.br/assets/imoveis/og/AR-0035.jpg,Rabêlo Imóveis,Fazenda,Sairé,Venda
AR-0036,AR-0036 · Casa em Condomínio à Venda – Gravatá/PE,"Conforto, elegância e localização — tudo em um só imóvel. 🏡 3 quartos (2 suítes). 💰 R$ 560.000. Fale comigo agora e garanta essa oportunidade! 🔑

Código AR-0036 · Angelo Rabêlo, Corretor CRECI-PE 9560 · WhatsApp (81) 99383-7490",in stock,new,560000.00 BRL,https://www.angelorabeloimoveis.com.br/imovel/AR-0036/?utm_source=whatsapp&utm_medium=catalogo&utm_campaign=AR-0036,https://www.angelorabeloimoveis.com.br/catalogo/img/AR-0036.jpg?v=f124dee0c6ec,https://www.angelorabeloimoveis.com.br/assets/imoveis/og/AR-0036.jpg,Rabêlo Imóveis,Casa em condomínio,Gravatá,Venda
AR-0037,"AR-0037 · Haras em Gravatá–PE | 12,3 Hectares | Estrutura Completa","Uma verdadeira joia rural no coração do Agreste! 🌿 Haras em Gravatá. 4 quartos. 💰 R$ 2.500.000. Agende sua visita e venha se encantar! 📲

Código AR-0037 · Angelo Rabêlo, Corretor CRECI-PE 9560 · WhatsApp (81) 99383-7490",in stock,new,2500000.00 BRL,https://www.angelorabeloimoveis.com.br/imovel/AR-0037/?utm_source=whatsapp&utm_medium=catalogo&utm_campaign=AR-0037,https://www.angelorabeloimoveis.com.br/catalogo/img/AR-0037.jpg?v=85288ae6052c,https://www.angelorabeloimoveis.com.br/assets/imoveis/og/AR-0037.jpg,Rabêlo Imóveis,Haras,Gravatá,Venda
AR-0038,AR-0038 · Área à Venda – 2 Hectares | Beira de Rio,"Imóvel impecável, pronto para receber você e sua família. 💰 R$ 750.000. Agende sua visita e venha se encantar! 📲

Código AR-0038 · Angelo Rabêlo, Corretor CRECI-PE 9560 · WhatsApp (81) 99383-7490",in stock,new,750000.00 BRL,https://www.angelorabeloimoveis.com.br/imovel/AR-0038/?utm_source=whatsapp&utm_medium=catalogo&utm_campaign=AR-0038,https://www.angelorabeloimoveis.com.br/catalogo/img/AR-0038.jpg?v=f088327c64eb,https://www.angelorabeloimoveis.com.br/assets/imoveis/og/AR-0038.jpg,Rabêlo Imóveis,Outro,Gravatá,Venda
AR-0040,AR-0040 · Haras com 5 Hectares em Gravatá – Estrutura Completa para Cavalos,"O sonho de ter seu pedaço de campo começa aqui. 🌾 Haras em Gravatá. 💰 R$ 1.700.000. Chama no WhatsApp e realize esse sonho. 🤝

Código AR-0040 · Angelo Rabêlo, Corretor CRECI-PE 9560 · WhatsApp (81) 99383-7490",in stock,new,1700000.00 BRL,https://www.angelorabeloimoveis.com.br/imovel/AR-0040/?utm_source=whatsapp&utm_medium=catalogo&utm_campaign=AR-0040,https://www.angelorabeloimoveis.com.br/catalogo/img/AR-0040.jpg?v=dcf354a0f6f8,https://www.angelorabeloimoveis.com.br/assets/imoveis/og/AR-0040.jpg,Rabêlo Imóveis,Haras,Gravatá,Venda
AR-0042,AR-0042 · Chácara 3 ha à Venda em Gravatá/PE,"Natureza, espaço e tranquilidade num só lugar. Chácara em Gravatá. 4 quartos. 💰 R$ 5.000.000. Fale comigo agora e garanta essa oportunidade! 🔑

Código AR-0042 · Angelo Rabêlo, Corretor CRECI-PE 9560 · WhatsApp (81) 99383-7490",in stock,new,5000000.00 BRL,https://www.angelorabeloimoveis.com.br/imovel/AR-0042/?utm_source=whatsapp&utm_medium=catalogo&utm_campaign=AR-0042,https://www.angelorabeloimoveis.com.br/catalogo/img/AR-0042.jpg?v=7af791b9bfbd,https://www.angelorabeloimoveis.com.br/assets/imoveis/og/AR-0042.jpg,Rabêlo Imóveis,Chácara,Gravatá,Venda
AR-0043,AR-0043 · Fazenda 28 ha à Venda em Pombos/PE,"O sonho de ter seu pedaço de campo começa aqui. 🌾 Fazenda em Pombos. 💰 R$ 2.000.000. Chama no WhatsApp e realize esse sonho. 🤝

Código AR-0043 · Angelo Rabêlo, Corretor CRECI-PE 9560 · WhatsApp (81) 99383-7490",in stock,new,2000000.00 BRL,https://www.angelorabeloimoveis.com.br/imovel/AR-0043/?utm_source=whatsapp&utm_medium=catalogo&utm_campaign=AR-0043,https://www.angelorabeloimoveis.com.br/catalogo/img/AR-0043.jpg?v=804dc7c14b6c,https://www.angelorabeloimoveis.com.br/assets/imoveis/og/AR-0043.jpg,Rabêlo Imóveis,Fazenda,Pombos,Venda
AR-0044,AR-0044 · Chácara à Venda em Gravatá/PE,"Uma verdadeira joia rural no coração do Agreste! 🌿 Chácara em Gravatá. 4500 de área. 💰 R$ 4.300.000. Agende sua visita e venha se encantar! 📲

Código AR-0044 · Angelo Rabêlo, Corretor CRECI-PE 9560 · WhatsApp (81) 99383-7490",in stock,new,4300000.00 BRL,https://www.angelorabeloimoveis.com.br/imovel/AR-0044/?utm_source=whatsapp&utm_medium=catalogo&utm_campaign=AR-0044,https://www.angelorabeloimoveis.com.br/catalogo/img/AR-0044.jpg?v=7b6819bce337,https://www.angelorabeloimoveis.com.br/assets/imoveis/og/AR-0044.jpg,Rabêlo Imóveis,Chácara,Gravatá,Venda
AR-0045,AR-0045 · Casa fora de condomínio em Gravatá,"Imóvel impecável, pronto para receber você e sua família. 4 quartos (4 suítes), 360 m². 💰 R$ 1.200.000. Fale comigo agora e garanta essa oportunidade! 🔑

Código AR-0045 · Angelo Rabêlo, Corretor CRECI-PE 9560 · WhatsApp (81) 99383-7490",in stock,new,1200000.00 BRL,https://www.angelorabeloimoveis.com.br/imovel/AR-0045/?utm_source=whatsapp&utm_medium=catalogo&utm_campaign=AR-0045,https://www.angelorabeloimoveis.com.br/catalogo/img/AR-0045.jpg?v=3b1113aff8fc,https://www.angelorabeloimoveis.com.br/assets/imoveis/og/AR-0045.jpg,Rabêlo Imóveis,Casa fora de condomínio,Gravatá,Venda
AR-0046,AR-0046 · Fazenda 340 ha à Venda em Bezerros/PE,"Uma verdadeira joia rural no coração do Agreste! 🌿 Fazenda em Bezerros. 💰 R$ 8.500.000. Fale comigo agora e garanta essa oportunidade! 🔑

Código AR-0046 · Angelo Rabêlo, Corretor CRECI-PE 9560 · WhatsApp (81) 99383-7490",in stock,new,8500000.00 BRL,https://www.angelorabeloimoveis.com.br/imovel/AR-0046/?utm_source=whatsapp&utm_medium=catalogo&utm_campaign=AR-0046,https://www.angelorabeloimoveis.com.br/catalogo/img/AR-0046.jpg?v=8c0498b693a0,https://www.angelorabeloimoveis.com.br/assets/imoveis/og/AR-0046.jpg,Rabêlo Imóveis,Fazenda,Bezerros,Venda
AR-0047,AR-0047 · Propriedade Exclusiva – Chã Grande/PE,"Uma verdadeira joia rural no coração do Agreste! 🌿 Fazenda em Chã Grande. 💰 R$ 12.600.000. Fale comigo agora e garanta essa oportunidade! 🔑

Código AR-0047 · Angelo Rabêlo, Corretor CRECI-PE 9560 · WhatsApp (81) 99383-7490",in stock,new,12600000.00 BRL,https://www.angelorabeloimoveis.com.br/imovel/AR-0047/?utm_source=whatsapp&utm_medium=catalogo&utm_campaign=AR-0047,https://www.angelorabeloimoveis.com.br/catalogo/img/AR-0047.jpg?v=f2303ba37f49,https://www.angelorabeloimoveis.com.br/assets/imoveis/og/AR-0047.jpg,Rabêlo Imóveis,Fazenda,Chã Grande,Venda
AR-0048,AR-0048 · Fazenda 130 ha à Venda em Amaraji/PE,"O sonho de ter seu pedaço de campo começa aqui. 🌾 Fazenda em Amaraji. 💰 R$ 6.500.000. Agende sua visita e venha se encantar! 📲

Código AR-0048 · Angelo Rabêlo, Corretor CRECI-PE 9560 · WhatsApp (81) 99383-7490",in stock,new,6500000.00 BRL,https://www.angelorabeloimoveis.com.br/imovel/AR-0048/?utm_source=whatsapp&utm_medium=catalogo&utm_campaign=AR-0048,https://www.angelorabeloimoveis.com.br/catalogo/img/AR-0048.jpg?v=e21235aa9229,https://www.angelorabeloimoveis.com.br/assets/imoveis/og/AR-0048.jpg,Rabêlo Imóveis,Fazenda,Amaraji,Venda
AR-0049,AR-0049 · Fazenda à Venda – Amaraji/PE,"Natureza, espaço e tranquilidade num só lugar. Fazenda em Amaraji. 💰 R$ 12.500.000. Agende sua visita e venha se encantar! 📲

Código AR-0049 · Angelo Rabêlo, Corretor CRECI-PE 9560 · WhatsApp (81) 99383-7490",in stock,new,12500000.00 BRL,https://www.angelorabeloimoveis.com.br/imovel/AR-0049/?utm_source=whatsapp&utm_medium=catalogo&utm_campaign=AR-0049,https://www.angelorabeloimoveis.com.br/catalogo/img/AR-0049.jpg?v=2e9a87436fb3,https://www.angelorabeloimoveis.com.br/assets/imoveis/og/AR-0049.jpg,Rabêlo Imóveis,Fazenda,Amaraji,Venda
AR-0050,AR-0050 · Fazenda 25 ha à Venda em Bonito/PE,"Natureza, espaço e tranquilidade num só lugar. Fazenda em Bonito. 💰 R$ 2.000.000. Chama no WhatsApp e realize esse sonho. 🤝

Código AR-0050 · Angelo Rabêlo, Corretor CRECI-PE 9560 · WhatsApp (81) 99383-7490",in stock,new,2000000.00 BRL,https://www.angelorabeloimoveis.com.br/imovel/AR-0050/?utm_source=whatsapp&utm_medium=catalogo&utm_campaign=AR-0050,https://www.angelorabeloimoveis.com.br/catalogo/img/AR-0050.jpg?v=42e522ee0d34,https://www.angelorabeloimoveis.com.br/assets/imoveis/og/AR-0050.jpg,Rabêlo Imóveis,Fazenda,Bonito,Venda
AR-0051,AR-0051 · Casa à venda em condomínio Country em Gravatá,"Conforto, elegância e localização — tudo em um só imóvel. 🏡 4 quartos (4 suítes), 1000 m². 💰 R$ 2.500.000. Fale comigo agora e garanta essa oportunidade! 🔑

Código AR-0051 · Angelo Rabêlo, Corretor CRECI-PE 9560 · WhatsApp (81) 99383-7490",in stock,new,2500000.00 BRL,https://www.angelorabeloimoveis.com.br/imovel/AR-0051/?utm_source=whatsapp&utm_medium=catalogo&utm_campaign=AR-0051,https://www.angelorabeloimoveis.com.br/catalogo/img/AR-0051.jpg?v=611563b538de,https://www.angelorabeloimoveis.com.br/assets/imoveis/og/AR-0051.jpg,Rabêlo Imóveis,Casa em condomínio,Gravatá,Venda
AR-0052,AR-0052 · Casa em Condomínio 6 quartos à Venda em Gravatá/PE,"Imóvel impecável, pronto para receber você e sua família. 6 quartos (6 suítes), 1000 m². 💰 R$ 2.850.000. Fale comigo agora e garanta essa oportunidade! 🔑

Código AR-0052 · Angelo Rabêlo, Corretor CRECI-PE 9560 · WhatsApp (81) 99383-7490",in stock,new,2850000.00 BRL,https://www.angelorabeloimoveis.com.br/imovel/AR-0052/?utm_source=whatsapp&utm_medium=catalogo&utm_campaign=AR-0052,https://www.angelorabeloimoveis.com.br/catalogo/img/AR-0052.jpg?v=f1e2c447fcb3,https://www.angelorabeloimoveis.com.br/assets/imoveis/og/AR-0052.jpg,Rabêlo Imóveis,Casa em condomínio,Gravatá,Venda
AR-0053,AR-0053 · Casa em Condomínio 5 quartos à Venda em Gravatá/PE,"Imóvel impecável, pronto para receber você e sua família. 5 quartos (5 suítes), 4 vagas, 1000 m². 💰 R$ 3.995.000. Fale comigo agora e garanta essa oportunidade! 🔑

Código AR-0053 · Angelo Rabêlo, Corretor CRECI-PE 9560 · WhatsApp (81) 99383-7490",in stock,new,3995000.00 BRL,https://www.angelorabeloimoveis.com.br/imovel/AR-0053/?utm_source=whatsapp&utm_medium=catalogo&utm_campaign=AR-0053,https://www.angelorabeloimoveis.com.br/catalogo/img/AR-0053.jpg?v=012c92573baf,https://www.angelorabeloimoveis.com.br/assets/imoveis/og/AR-0053.jpg,Rabêlo Imóveis,Casa em condomínio,Gravatá,Venda
AR-0054,AR-0054 · Fazenda 230 ha à Venda em Cotunguba - Gravatá,"Natureza, espaço e tranquilidade num só lugar. Fazenda em Cotunguba - Gravatá. 💰 R$ 8.970.000. Fale comigo agora e garanta essa oportunidade! 🔑

Código AR-0054 · Angelo Rabêlo, Corretor CRECI-PE 9560 · WhatsApp (81) 99383-7490",in stock,new,8970000.00 BRL,https://www.angelorabeloimoveis.com.br/imovel/AR-0054/?utm_source=whatsapp&utm_medium=catalogo&utm_campaign=AR-0054,https://www.angelorabeloimoveis.com.br/catalogo/img/AR-0054.jpg?v=e9c08429a8a8,https://www.angelorabeloimoveis.com.br/assets/imoveis/og/AR-0054.jpg,Rabêlo Imóveis,Fazenda,Gravatá,Venda
AR-0055,AR-0055 · Fazenda 163 ha à Venda em Russinha - Gravatá,"Uma verdadeira joia rural no coração do Agreste! 🌿 Fazenda em Russinha - Gravatá. 💰 R$ 4.999.000. Agende sua visita e venha se encantar! 📲

Código AR-0055 · Angelo Rabêlo, Corretor CRECI-PE 9560 · WhatsApp (81) 99383-7490",in stock,new,4999000.00 BRL,https://www.angelorabeloimoveis.com.br/imovel/AR-0055/?utm_source=whatsapp&utm_medium=catalogo&utm_campaign=AR-0055,https://www.angelorabeloimoveis.com.br/catalogo/img/AR-0055.jpg?v=fab552fd9e21,https://www.angelorabeloimoveis.com.br/assets/imoveis/og/AR-0055.jpg,Rabêlo Imóveis,Fazenda,Gravatá,Venda
AR-0057,AR-0057 · Fazenda à Venda em Bezerros/PE – Às Margens da BR-232,"Natureza, espaço e tranquilidade num só lugar. Fazenda em Bezerros. 💰 R$ 36.000.000. Chama no WhatsApp e realize esse sonho. 🤝

Código AR-0057 · Angelo Rabêlo, Corretor CRECI-PE 9560 · WhatsApp (81) 99383-7490",in stock,new,36000000.00 BRL,https://www.angelorabeloimoveis.com.br/imovel/AR-0057/?utm_source=whatsapp&utm_medium=catalogo&utm_campaign=AR-0057,https://www.angelorabeloimoveis.com.br/catalogo/img/AR-0057.jpg?v=de897969ca0b,https://www.angelorabeloimoveis.com.br/assets/imoveis/og/AR-0057.jpg,Rabêlo Imóveis,Fazenda,Bezerros,Venda
AR-0058,"AR-0058 · SÍTIO COMPLETO EM AMARAJI – 14,4 HECTARES | MORADIA, PRODUÇÃO E TURISMO RURAL","Uma verdadeira joia rural no coração do Agreste! 🌿 Sítio em Amaraji. 💰 R$ 1.300.000. Agende sua visita e venha se encantar! 📲

Código AR-0058 · Angelo Rabêlo, Corretor CRECI-PE 9560 · WhatsApp (81) 99383-7490",in stock,new,1300000.00 BRL,https://www.angelorabeloimoveis.com.br/imovel/AR-0058/?utm_source=whatsapp&utm_medium=catalogo&utm_campaign=AR-0058,https://www.angelorabeloimoveis.com.br/catalogo/img/AR-0058.jpg?v=b01d3c28d053,https://www.angelorabeloimoveis.com.br/assets/imoveis/og/AR-0058.jpg,Rabêlo Imóveis,Sítio,Amaraji,Venda
AR-0059,"AR-0059 · Sítio 8,1 ha à Venda em Chã Grande/PE","Natureza, espaço e tranquilidade num só lugar. Sítio em Chã Grande. 💰 R$ 1.200.000. Chama no WhatsApp e realize esse sonho. 🤝

Código AR-0059 · Angelo Rabêlo, Corretor CRECI-PE 9560 · WhatsApp (81) 99383-7490",in stock,new,1200000.00 BRL,https://www.angelorabeloimoveis.com.br/imovel/AR-0059/?utm_source=whatsapp&utm_medium=catalogo&utm_campaign=AR-0059,https://www.angelorabeloimoveis.com.br/catalogo/img/AR-0059.jpg?v=55c245e36250,https://www.angelorabeloimoveis.com.br/assets/imoveis/og/AR-0059.jpg,Rabêlo Imóveis,Sítio,Chã Grande,Venda
AR-0060,AR-0060 · Casa de Alto Padrão em Condomínio – Gravatá/PE,"Conforto, elegância e localização — tudo em um só imóvel. 🏡 9 quartos (5 suítes), 6 vagas, 2500 m². 💰 R$ 3.480.000. Chama no WhatsApp e realize esse sonho. 🤝

Código AR-0060 · Angelo Rabêlo, Corretor CRECI-PE 9560 · WhatsApp (81) 99383-7490",in stock,new,3480000.00 BRL,https://www.angelorabeloimoveis.com.br/imovel/AR-0060/?utm_source=whatsapp&utm_medium=catalogo&utm_campaign=AR-0060,https://www.angelorabeloimoveis.com.br/catalogo/img/AR-0060.jpg?v=610c30ec64ea,https://www.angelorabeloimoveis.com.br/assets/imoveis/og/AR-0060.jpg,Rabêlo Imóveis,Casa em condomínio,Gravatá,Venda
AR-0061,AR-0061 · Imóvel à Venda em Gravatá/PE,"Oportunidade comercial em localização privilegiada. Área comercial em Gravatá, 10000 de área. 💰 R$ 10.000.000. Fale comigo agora e garanta essa oportunidade! 🔑

Código AR-0061 · Angelo Rabêlo, Corretor CRECI-PE 9560 · WhatsApp (81) 99383-7490",in stock,new,10000000.00 BRL,https://www.angelorabeloimoveis.com.br/imovel/AR-0061/?utm_source=whatsapp&utm_medium=catalogo&utm_campaign=AR-0061,https://www.angelorabeloimoveis.com.br/catalogo/img/AR-0061.jpg?v=10e8198acbb0,https://www.angelorabeloimoveis.com.br/assets/imoveis/og/AR-0061.jpg,Rabêlo Imóveis,Área comercial,Gravatá,Venda
AR-0062,AR-0062 · Fazenda 350 ha à Venda em Cotunguba - Gravatá,"Natureza, espaço e tranquilidade num só lugar. Fazenda em Cotunguba - Gravatá. 💰 R$ 8.750.000. Fale comigo agora e garanta essa oportunidade! 🔑

Código AR-0062 · Angelo Rabêlo, Corretor CRECI-PE 9560 · WhatsApp (81) 99383-7490",in stock,new,8750000.00 BRL,https://www.angelorabeloimoveis.com.br/imovel/AR-0062/?utm_source=whatsapp&utm_medium=catalogo&utm_campaign=AR-0062,https://www.angelorabeloimoveis.com.br/catalogo/img/AR-0062.jpg?v=824442a8a959,https://www.angelorabeloimoveis.com.br/assets/imoveis/og/AR-0062.jpg,Rabêlo Imóveis,Fazenda,Gravatá,Venda
AR-0063,"AR-0063 · Sítio com 10 hectares no Alto do Rio, em Chã Grande – PE","Natureza, espaço e tranquilidade num só lugar. Sítio em Alto do Rio/Chã Grande. 💰 R$ 650.000. Fale comigo agora e garanta essa oportunidade! 🔑

Código AR-0063 · Angelo Rabêlo, Corretor CRECI-PE 9560 · WhatsApp (81) 99383-7490",in stock,new,650000.00 BRL,https://www.angelorabeloimoveis.com.br/imovel/AR-0063/?utm_source=whatsapp&utm_medium=catalogo&utm_campaign=AR-0063,https://www.angelorabeloimoveis.com.br/catalogo/img/AR-0063.jpg?v=cce080bc9c62,https://www.angelorabeloimoveis.com.br/assets/imoveis/og/AR-0063.jpg,Rabêlo Imóveis,Sítio,Chã Grande,Venda
AR-0064,AR-0064 · Haras 35 ha à Venda em Chã Grande/PE,"Uma verdadeira joia rural no coração do Agreste! 🌿 Haras em Chã Grande. 💰 R$ 5.500.000. Fale comigo agora e garanta essa oportunidade! 🔑

Código AR-0064 · Angelo Rabêlo, Corretor CRECI-PE 9560 · WhatsApp (81) 99383-7490",in stock,new,5500000.00 BRL,https://www.angelorabeloimoveis.com.br/imovel/AR-0064/?utm_source=whatsapp&utm_medium=catalogo&utm_campaign=AR-0064,https://www.angelorabeloimoveis.com.br/catalogo/img/AR-0064.jpg?v=f89076578a8e,https://www.angelorabeloimoveis.com.br/assets/imoveis/og/AR-0064.jpg,Rabêlo Imóveis,Haras,Chã Grande,Venda
AR-0065,"AR-0065 · Sítio 2,5 ha à Venda em Chã Grande/PE","O sonho de ter seu pedaço de campo começa aqui. 🌾 Sítio em Chã Grande. 8 quartos. 💰 R$ 1.250.000. Agende sua visita e venha se encantar! 📲

Código AR-0065 · Angelo Rabêlo, Corretor CRECI-PE 9560 · WhatsApp (81) 99383-7490",in stock,new,1250000.00 BRL,https://www.angelorabeloimoveis.com.br/imovel/AR-0065/?utm_source=whatsapp&utm_medium=catalogo&utm_campaign=AR-0065,https://www.angelorabeloimoveis.com.br/catalogo/img/AR-0065.jpg?v=1a3e7c2c716c,https://www.angelorabeloimoveis.com.br/assets/imoveis/og/AR-0065.jpg,Rabêlo Imóveis,Sítio,Chã Grande,Venda
AR-0066,AR-0066 · Fazenda 110 ha à Venda em Chã Grande/PE,"Natureza, espaço e tranquilidade num só lugar. Fazenda em Chã Grande. 💰 R$ 6.000.000. Agende sua visita e venha se encantar! 📲

Código AR-0066 · Angelo Rabêlo, Corretor CRECI-PE 9560 · WhatsApp (81) 99383-7490",in stock,new,6000000.00 BRL,https://www.angelorabeloimoveis.com.br/imovel/AR-0066/?utm_source=whatsapp&utm_medium=catalogo&utm_campaign=AR-0066,https://www.angelorabeloimoveis.com.br/catalogo/img/AR-0066.jpg?v=fdd28a4726dc,https://www.angelorabeloimoveis.com.br/assets/imoveis/og/AR-0066.jpg,Rabêlo Imóveis,Fazenda,Chã Grande,Venda
AR-0067,"AR-0067 · Chácara 15,9 ha à Venda em Bezerros/PE","O sonho de ter seu pedaço de campo começa aqui. 🌾 Chácara em Bezerros. 💰 R$ 1.200.000. Agende sua visita e venha se encantar! 📲

Código AR-0067 · Angelo Rabêlo, Corretor CRECI-PE 9560 · WhatsApp (81) 99383-7490",in stock,new,1200000.00 BRL,https://www.angelorabeloimoveis.com.br/imovel/AR-0067/?utm_source=whatsapp&utm_medium=catalogo&utm_campaign=AR-0067,https://www.angelorabeloimoveis.com.br/catalogo/img/AR-0067.jpg?v=6edd71650d08,https://www.angelorabeloimoveis.com.br/assets/imoveis/og/AR-0067.jpg,Rabêlo Imóveis,Chácara,Bezerros,Venda
AR-0068,AR-0068 · Fazenda à Venda – Sairé/PE,"Uma verdadeira joia rural no coração do Agreste! 🌿 Fazenda em Sairé. 5 quartos. 💰 R$ 1.500.000. Fale comigo agora e garanta essa oportunidade! 🔑

Código AR-0068 · Angelo Rabêlo, Corretor CRECI-PE 9560 · WhatsApp (81) 99383-7490",in stock,new,1500000.00 BRL,https://www.angelorabeloimoveis.com.br/imovel/AR-0068/?utm_source=whatsapp&utm_medium=catalogo&utm_campaign=AR-0068,https://www.angelorabeloimoveis.com.br/catalogo/img/AR-0068.jpg?v=bdcbb69c6494,https://www.angelorabeloimoveis.com.br/assets/imoveis/og/AR-0068.jpg,Rabêlo Imóveis,Fazenda,Sairé,Venda
AR-0069,AR-0069 · Apartamento em Resort – Porto de Galinhas/PE,"Seu novo endereço de alto padrão em Porto de Galinhas! ✨ 1 quartos (1 suítes), 1 vagas, 63 m². 💰 R$ 930.000. Chama no WhatsApp e realize esse sonho. 🤝

Código AR-0069 · Angelo Rabêlo, Corretor CRECI-PE 9560 · WhatsApp (81) 99383-7490",in stock,new,930000.00 BRL,https://www.angelorabeloimoveis.com.br/imovel/AR-0069/?utm_source=whatsapp&utm_medium=catalogo&utm_campaign=AR-0069,https://www.angelorabeloimoveis.com.br/catalogo/img/AR-0069.jpg?v=2caa96b91fa1,https://www.angelorabeloimoveis.com.br/assets/imoveis/og/AR-0069.jpg,Rabêlo Imóveis,Apartamento,Porto de Galinhas,Venda
AR-0070,AR-0070 · Casa de Alto Padrão com Vista Panorâmica – Chã Grande/PE,"Seu novo endereço de alto padrão em Chã Grande! ✨ 8 quartos (8 suítes), 2 banheiros, 4 vagas, 5516 m². 💰 R$ 4.300.000. Fale comigo agora e garanta essa oportunidade! 🔑

Código AR-0070 · Angelo Rabêlo, Corretor CRECI-PE 9560 · WhatsApp (81) 99383-7490",in stock,new,4300000.00 BRL,https://www.angelorabeloimoveis.com.br/imovel/AR-0070/?utm_source=whatsapp&utm_medium=catalogo&utm_campaign=AR-0070,https://www.angelorabeloimoveis.com.br/catalogo/img/AR-0070.jpg?v=e668f5afc0d3,https://www.angelorabeloimoveis.com.br/assets/imoveis/og/AR-0070.jpg,Rabêlo Imóveis,Casa em condomínio,Chã Grande,Venda
AR-0071,AR-0071 · Casa de Alto Padrão em Condomínio – Chã Grande/PE,"Conforto, elegância e localização — tudo em um só imóvel. 🏡 4 quartos (3 suítes), 400 m². 💰 R$ 3.000.000. Fale comigo agora e garanta essa oportunidade! 🔑

Código AR-0071 · Angelo Rabêlo, Corretor CRECI-PE 9560 · WhatsApp (81) 99383-7490",in stock,new,3000000.00 BRL,https://www.angelorabeloimoveis.com.br/imovel/AR-0071/?utm_source=whatsapp&utm_medium=catalogo&utm_campaign=AR-0071,https://www.angelorabeloimoveis.com.br/catalogo/img/AR-0071.jpg?v=75ff8995c023,https://www.angelorabeloimoveis.com.br/assets/imoveis/og/AR-0071.jpg,Rabêlo Imóveis,Casa em condomínio,Chã Grande,Venda
AR-0072,AR-0072 · Casa Premium à Venda – Gravatá/PE,"Seu novo endereço de alto padrão em Gravatá! ✨ 3 quartos (1 suítes), 1 banheiros, 1 vagas. 💰 R$ 419.000. Agende sua visita e venha se encantar! 📲

Código AR-0072 · Angelo Rabêlo, Corretor CRECI-PE 9560 · WhatsApp (81) 99383-7490",in stock,new,419000.00 BRL,https://www.angelorabeloimoveis.com.br/imovel/AR-0072/?utm_source=whatsapp&utm_medium=catalogo&utm_campaign=AR-0072,https://www.angelorabeloimoveis.com.br/catalogo/img/AR-0072.jpg?v=ddaef0ba3dcf,https://www.angelorabeloimoveis.com.br/assets/imoveis/og/AR-0072.jpg,Rabêlo Imóveis,Casa em condomínio,Gravatá,Venda
AR-0073,"AR-0073 · Imóvel Comercial – Av. 15 de Novembro, Gravatá/PE","Oportunidade comercial em localização privilegiada. Prédio comercial em Gravatá, 540 de área. 💰 R$ 2.000.000. Fale comigo agora e garanta essa oportunidade! 🔑

Código AR-0073 · Angelo Rabêlo, Corretor CRECI-PE 9560 · WhatsApp (81) 99383-7490",in stock,new,2000000.00 BRL,https://www.angelorabeloimoveis.com.br/imovel/AR-0073/?utm_source=whatsapp&utm_medium=catalogo&utm_campaign=AR-0073,https://www.angelorabeloimoveis.com.br/catalogo/img/AR-0073.jpg?v=5289fbf97854,https://www.angelorabeloimoveis.com.br/assets/imoveis/og/AR-0073.jpg,Rabêlo Imóveis,Prédio comercial,Gravatá,Venda
AR-0074,AR-0074 · Chácara à Venda em Chã Grande/PE,"Natureza, espaço e tranquilidade num só lugar. Chácara em Chã Grande. 💰 R$ 1.500.000. Fale comigo agora e garanta essa oportunidade! 🔑

Código AR-0074 · Angelo Rabêlo, Corretor CRECI-PE 9560 · WhatsApp (81) 99383-7490",in stock,new,1500000.00 BRL,https://www.angelorabeloimoveis.com.br/imovel/AR-0074/?utm_source=whatsapp&utm_medium=catalogo&utm_campaign=AR-0074,https://www.angelorabeloimoveis.com.br/catalogo/img/AR-0074.jpg?v=43de5cc54c80,https://www.angelorabeloimoveis.com.br/assets/imoveis/og/AR-0074.jpg,Rabêlo Imóveis,Chácara,Chã Grande,Venda
AR-0075,AR-0075 · Casa de Alto Padrão com Vista Panorâmica para o Vale – Gravatá/PE,"Seu novo endereço de alto padrão em Gravatá! ✨ 4 quartos (2 suítes), 4 banheiros, 3 vagas, 3906 m². 💰 R$ 2.500.000. Fale comigo agora e garanta essa oportunidade! 🔑

Código AR-0075 · Angelo Rabêlo, Corretor CRECI-PE 9560 · WhatsApp (81) 99383-7490",in stock,new,2500000.00 BRL,https://www.angelorabeloimoveis.com.br/imovel/AR-0075/?utm_source=whatsapp&utm_medium=catalogo&utm_campaign=AR-0075,https://www.angelorabeloimoveis.com.br/catalogo/img/AR-0075.jpg?v=426f266a421d,https://www.angelorabeloimoveis.com.br/assets/imoveis/og/AR-0075.jpg,Rabêlo Imóveis,Casa em condomínio,Gravatá,Venda
AR-0076,AR-0076 · Flat Mobiliado à Venda – Gravatá/PE,"Imóvel impecável, pronto para receber você e sua família. 2 quartos (2 suítes), 75 m². 💰 R$ 490.000. Fale comigo agora e garanta essa oportunidade! 🔑

Código AR-0076 · Angelo Rabêlo, Corretor CRECI-PE 9560 · WhatsApp (81) 99383-7490",in stock,new,490000.00 BRL,https://www.angelorabeloimoveis.com.br/imovel/AR-0076/?utm_source=whatsapp&utm_medium=catalogo&utm_campaign=AR-0076,https://www.angelorabeloimoveis.com.br/catalogo/img/AR-0076.jpg?v=3187f68cff66,https://www.angelorabeloimoveis.com.br/assets/imoveis/og/AR-0076.jpg,Rabêlo Imóveis,Flat,Gravatá,Venda
AR-0077,"AR-0077 · Apartamento em Alpes suiço, Gravatá","Conforto, localização e oportunidade em um só lugar. 🏡 2 quartos (1 suíte), 1 banheiro, 1 vaga, 86 m². 💰 R$ 200.000. Agende sua visita e venha se encantar! 📲

Código AR-0077 · Angelo Rabêlo, Corretor CRECI-PE 9560 · WhatsApp (81) 99383-7490",in stock,new,200000.00 BRL,https://www.angelorabeloimoveis.com.br/imovel/AR-0077/?utm_source=whatsapp&utm_medium=catalogo&utm_campaign=AR-0077,https://www.angelorabeloimoveis.com.br/catalogo/img/AR-0077.jpg?v=56b403723ecd,https://www.angelorabeloimoveis.com.br/assets/imoveis/og/AR-0077.jpg,Rabêlo Imóveis,Apartamento,Gravatá,"Venda, Aluguel"
AR-0078,AR-0078 · Casa em condomínio em Gravatá,"Conforto, localização e oportunidade em um só lugar. 🏡 4 quartos (3 suítes), 2 banheiros, 2 vagas, 163 m². 💰 R$ 850.000. Agende sua visita e venha se encantar! 📲

Código AR-0078 · Angelo Rabêlo, Corretor CRECI-PE 9560 · WhatsApp (81) 99383-7490",in stock,new,850000.00 BRL,https://www.angelorabeloimoveis.com.br/imovel/AR-0078/?utm_source=whatsapp&utm_medium=catalogo&utm_campaign=AR-0078,https://www.angelorabeloimoveis.com.br/catalogo/img/AR-0078.jpg?v=95d60a58c1ae,https://www.angelorabeloimoveis.com.br/assets/imoveis/og/AR-0078.jpg,Rabêlo Imóveis,Casa em condomínio,Gravatá,Venda
AR-0079,AR-0079 · Casa em condomínio em Gravatá,"Conforto, localização e oportunidade em um só lugar. 🏡 4 quartos (4 suítes), 1 banheiro, 4 vagas, 180 m². 💰 R$ 850.000. Agende sua visita e venha se encantar! 📲

Código AR-0079 · Angelo Rabêlo, Corretor CRECI-PE 9560 · WhatsApp (81) 99383-7490",in stock,new,850000.00 BRL,https://www.angelorabeloimoveis.com.br/imovel/AR-0079/?utm_source=whatsapp&utm_medium=catalogo&utm_campaign=AR-0079,https://www.angelorabeloimoveis.com.br/catalogo/img/AR-0079.jpg?v=57a3970f6cd4,https://www.angelorabeloimoveis.com.br/assets/imoveis/og/AR-0079.jpg,Rabêlo Imóveis,Casa em condomínio,Gravatá,Venda
AR-0080,AR-0080 · Casa em condomínio em Gravatá,"Conforto, localização e oportunidade em um só lugar. 🏡 5 quartos (3 suítes), 3 banheiros, 3 vagas, 250 m². 💰 R$ 1.050.000. Agende sua visita e venha se encantar! 📲

Código AR-0080 · Angelo Rabêlo, Corretor CRECI-PE 9560 · WhatsApp (81) 99383-7490",in stock,new,1050000.00 BRL,https://www.angelorabeloimoveis.com.br/imovel/AR-0080/?utm_source=whatsapp&utm_medium=catalogo&utm_campaign=AR-0080,https://www.angelorabeloimoveis.com.br/catalogo/img/AR-0080.jpg?v=f089168ef25c,https://www.angelorabeloimoveis.com.br/assets/imoveis/og/AR-0080.jpg,Rabêlo Imóveis,Casa em condomínio,Gravatá,Venda
AR-0081,"AR-0081 · Casa fora de condomínio em Porta florada, Gravatá","Conforto, localização e oportunidade em um só lugar. 🏡 6 quartos (2 suítes), 2 banheiros, 6 vagas, 295 m². 💰 R$ 650.000. Agende sua visita e venha se encantar! 📲

Código AR-0081 · Angelo Rabêlo, Corretor CRECI-PE 9560 · WhatsApp (81) 99383-7490",in stock,new,650000.00 BRL,https://www.angelorabeloimoveis.com.br/imovel/AR-0081/?utm_source=whatsapp&utm_medium=catalogo&utm_campaign=AR-0081,https://www.angelorabeloimoveis.com.br/catalogo/img/AR-0081.jpg?v=70cd219117b9,https://www.angelorabeloimoveis.com.br/assets/imoveis/og/AR-0081.jpg,Rabêlo Imóveis,Casa fora de condomínio,Gravatá,Venda
AR-0082,AR-0082 · Casa em condomínio em Gravatá,"Conforto, localização e oportunidade em um só lugar. 🏡 3 banheiros, 6 vagas, 400 m². 💰 R$ 2.000.000. Agende sua visita e venha se encantar! 📲

Código AR-0082 · Angelo Rabêlo, Corretor CRECI-PE 9560 · WhatsApp (81) 99383-7490",in stock,new,2000000.00 BRL,https://www.angelorabeloimoveis.com.br/imovel/AR-0082/?utm_source=whatsapp&utm_medium=catalogo&utm_campaign=AR-0082,https://www.angelorabeloimoveis.com.br/catalogo/img/AR-0082.jpg?v=354ae9816b38,https://www.angelorabeloimoveis.com.br/assets/imoveis/og/AR-0082.jpg,Rabêlo Imóveis,Casa em condomínio,Gravatá,Venda
AR-0083,AR-0083 · Lote dentro de condomínio em Gravatá,"Oportunidade de investimento em localização estratégica. 🏡 1500 m². 💰 R$ 520.000. Agende sua visita e venha se encantar! 📲

Código AR-0083 · Angelo Rabêlo, Corretor CRECI-PE 9560 · WhatsApp (81) 99383-7490",in stock,new,520000.00 BRL,https://www.angelorabeloimoveis.com.br/imovel/AR-0083/?utm_source=whatsapp&utm_medium=catalogo&utm_campaign=AR-0083,https://www.angelorabeloimoveis.com.br/catalogo/img/AR-0083.jpg?v=ec7a97d7df52,https://www.angelorabeloimoveis.com.br/assets/imoveis/og/AR-0083.jpg,Rabêlo Imóveis,Lote dentro de condomínio,Gravatá,Venda
AR-0084,"AR-0084 · Casa fora de condomínio em Privê Village Eldorado, Gravatá","Conforto, localização e oportunidade em um só lugar. 🏡 4 quartos (1 suíte), 2 banheiros, 5 vagas, 750 m². 💰 R$ 650.000. Agende sua visita e venha se encantar! 📲

Código AR-0084 · Angelo Rabêlo, Corretor CRECI-PE 9560 · WhatsApp (81) 99383-7490",in stock,new,650000.00 BRL,https://www.angelorabeloimoveis.com.br/imovel/AR-0084/?utm_source=whatsapp&utm_medium=catalogo&utm_campaign=AR-0084,https://www.angelorabeloimoveis.com.br/catalogo/img/AR-0084.jpg?v=a0d32794921c,https://www.angelorabeloimoveis.com.br/assets/imoveis/og/AR-0084.jpg,Rabêlo Imóveis,Casa fora de condomínio,Gravatá,Venda
AR-0085,"AR-0085 · Galpão em Centro, Gravatá","Localização privilegiada para o seu negócio crescer. 🏡 1 banheiro, 500 m². 💰 R$ 15.000/mês. Agende sua visita e venha se encantar! 📲

Código AR-0085 · Angelo Rabêlo, Corretor CRECI-PE 9560 · WhatsApp (81) 99383-7490",in stock,new,15000.00 BRL,https://www.angelorabeloimoveis.com.br/imovel/AR-0085/?utm_source=whatsapp&utm_medium=catalogo&utm_campaign=AR-0085,https://www.angelorabeloimoveis.com.br/catalogo/img/AR-0085.jpg?v=dce9b584f76a,https://www.angelorabeloimoveis.com.br/assets/imoveis/og/AR-0085.jpg,Rabêlo Imóveis,Galpão,Gravatá,Aluguel
AR-0086,AR-0086 · Casa em condomínio em Gravatá,"Conforto, localização e oportunidade em um só lugar. 🏡 4 quartos (3 suítes), 2 banheiros, 2 vagas, 288 m². 💰 R$ 600.000. Agende sua visita e venha se encantar! 📲

Código AR-0086 · Angelo Rabêlo, Corretor CRECI-PE 9560 · WhatsApp (81) 99383-7490",in stock,new,600000.00 BRL,https://www.angelorabeloimoveis.com.br/imovel/AR-0086/?utm_source=whatsapp&utm_medium=catalogo&utm_campaign=AR-0086,https://www.angelorabeloimoveis.com.br/catalogo/img/AR-0086.jpg?v=5ce704455a89,https://www.angelorabeloimoveis.com.br/assets/imoveis/og/AR-0086.jpg,Rabêlo Imóveis,Casa em condomínio,Gravatá,Venda
AR-0087,AR-0087 · Casa em condomínio em Chã Grande,"Conforto, localização e oportunidade em um só lugar. 🏡 3 quartos (3 suítes), 5 banheiros, 5 vagas, 3500 m². 💰 R$ 3.800.000. Agende sua visita e venha se encantar! 📲

Código AR-0087 · Angelo Rabêlo, Corretor CRECI-PE 9560 · WhatsApp (81) 99383-7490",in stock,new,3800000.00 BRL,https://www.angelorabeloimoveis.com.br/imovel/AR-0087/?utm_source=whatsapp&utm_medium=catalogo&utm_campaign=AR-0087,https://www.angelorabeloimoveis.com.br/catalogo/img/AR-0087.jpg?v=cabebc0a0d6c,https://www.angelorabeloimoveis.com.br/assets/imoveis/og/AR-0087.jpg,Rabêlo Imóveis,Casa em condomínio,Chã Grande,Venda
AR-0088,AR-0088 · Casa em condomínio em Gravatá,"Conforto, localização e oportunidade em um só lugar. 🏡 3 quartos (2 suítes), 3 banheiros, 1 vaga, 390 m². 💰 R$ 650.000. Agende sua visita e venha se encantar! 📲

Código AR-0088 · Angelo Rabêlo, Corretor CRECI-PE 9560 · WhatsApp (81) 99383-7490",in stock,new,650000.00 BRL,https://www.angelorabeloimoveis.com.br/imovel/AR-0088/?utm_source=whatsapp&utm_medium=catalogo&utm_campaign=AR-0088,https://www.angelorabeloimoveis.com.br/catalogo/img/AR-0088.jpg?v=b65ec4bbe022,https://www.angelorabeloimoveis.com.br/assets/imoveis/og/AR-0088.jpg,Rabêlo Imóveis,Casa em condomínio,Gravatá,Venda
AR-0089,AR-0089 · Casa fora de condomínio em Gravatá,"Conforto, localização e oportunidade em um só lugar. 🏡 3 quartos (1 suíte), 1 banheiro, 4 vagas, 1000 m². 💰 R$ 480.000. Agende sua visita e venha se encantar! 📲

Código AR-0089 · Angelo Rabêlo, Corretor CRECI-PE 9560 · WhatsApp (81) 99383-7490",in stock,new,480000.00 BRL,https://www.angelorabeloimoveis.com.br/imovel/AR-0089/?utm_source=whatsapp&utm_medium=catalogo&utm_campaign=AR-0089,https://www.angelorabeloimoveis.com.br/catalogo/img/AR-0089.jpg?v=d757cc24286d,https://www.angelorabeloimoveis.com.br/assets/imoveis/og/AR-0089.jpg,Rabêlo Imóveis,Casa fora de condomínio,Gravatá,Venda
AR-0090,AR-0090 · Chácara em Chã Grande,"Espaço, natureza e potencial de valorização no Agreste pernambucano. 🏡 11 quartos (1 suíte), 7 banheiros, 20000 m². 💰 R$ 1.450.000. Agende sua visita e venha se encantar! 📲

Código AR-0090 · Angelo Rabêlo, Corretor CRECI-PE 9560 · WhatsApp (81) 99383-7490",in stock,new,1450000.00 BRL,https://www.angelorabeloimoveis.com.br/imovel/AR-0090/?utm_source=whatsapp&utm_medium=catalogo&utm_campaign=AR-0090,https://www.angelorabeloimoveis.com.br/catalogo/img/AR-0090.jpg?v=762f13b51e3a,https://www.angelorabeloimoveis.com.br/assets/imoveis/og/AR-0090.jpg,Rabêlo Imóveis,Chácara,Chã Grande,Venda
AR-0091,AR-0091 · Chalé Suiço em São Miguel dos Milagres-AL,"Conforto, localização e oportunidade em um só lugar. 🏡 2 quartos, 1 banheiro, 2 vagas, 197 m². 💰 R$ 480.000. Agende sua visita e venha se encantar! 📲

Código AR-0091 · Angelo Rabêlo, Corretor CRECI-PE 9560 · WhatsApp (81) 99383-7490",in stock,new,480000.00 BRL,https://www.angelorabeloimoveis.com.br/imovel/AR-0091/?utm_source=whatsapp&utm_medium=catalogo&utm_campaign=AR-0091,https://www.angelorabeloimoveis.com.br/catalogo/img/AR-0091.jpg?v=383983eb5eec,https://www.angelorabeloimoveis.com.br/assets/imoveis/og/AR-0091.jpg,Rabêlo Imóveis,Casa em condomínio,São Miguel dos Milagres,Venda
AR-0092,"AR-0092 · Sítio em Nossa Senhora de Fatima, Amaraji","Espaço, natureza e potencial de valorização no Agreste pernambucano. 🏡 4 quartos, 4 banheiros. 💰 R$ 1.500.000. Agende sua visita e venha se encantar! 📲

Código AR-0092 · Angelo Rabêlo, Corretor CRECI-PE 9560 · WhatsApp (81) 99383-7490",in stock,new,1500000.00 BRL,https://www.angelorabeloimoveis.com.br/imovel/AR-0092/?utm_source=whatsapp&utm_medium=catalogo&utm_campaign=AR-0092,https://www.angelorabeloimoveis.com.br/catalogo/img/AR-0092.jpg?v=8aee775a9977,https://www.angelorabeloimoveis.com.br/assets/imoveis/og/AR-0092.jpg,Rabêlo Imóveis,Sítio,Amaraji,Venda
AR-0093,AR-0093 · Lote fora de condomínio em Gravatá,"Oportunidade de investimento em localização estratégica. 🏡 900 m². 💰 R$ 300.000. Agende sua visita e venha se encantar! 📲

Código AR-0093 · Angelo Rabêlo, Corretor CRECI-PE 9560 · WhatsApp (81) 99383-7490",in stock,new,300000.00 BRL,https://www.angelorabeloimoveis.com.br/imovel/AR-0093/?utm_source=whatsapp&utm_medium=catalogo&utm_campaign=AR-0093,https://www.angelorabeloimoveis.com.br/catalogo/img/AR-0093.jpg?v=48d316e6a95e,https://www.angelorabeloimoveis.com.br/assets/imoveis/og/AR-0093.jpg,Rabêlo Imóveis,Lote fora de condomínio,Gravatá,Venda
AR-0094,AR-0094 · Casa fora de condomínio em Gravatá,"Conforto, localização e oportunidade em um só lugar. 🏡 3 quartos (1 suíte), 2 banheiros, 1 vaga. 💰 R$ 500.000. Agende sua visita e venha se encantar! 📲

Código AR-0094 · Angelo Rabêlo, Corretor CRECI-PE 9560 · WhatsApp (81) 99383-7490",in stock,new,500000.00 BRL,https://www.angelorabeloimoveis.com.br/imovel/AR-0094/?utm_source=whatsapp&utm_medium=catalogo&utm_campaign=AR-0094,https://www.angelorabeloimoveis.com.br/catalogo/img/AR-0094.jpg?v=724bca6ba66a,https://www.angelorabeloimoveis.com.br/assets/imoveis/og/AR-0094.jpg,Rabêlo Imóveis,Casa fora de condomínio,Gravatá,Venda
AR-0095,AR-0095 · Casa em condomínio em Gravatá,"Conforto, localização e oportunidade em um só lugar. 🏡 4 quartos (3 suítes), 3 banheiros, 1 vaga, 120 m². 💰 R$ 350.000. Agende sua visita e venha se encantar! 📲

Código AR-0095 · Angelo Rabêlo, Corretor CRECI-PE 9560 · WhatsApp (81) 99383-7490",in stock,new,350000.00 BRL,https://www.angelorabeloimoveis.com.br/imovel/AR-0095/?utm_source=whatsapp&utm_medium=catalogo&utm_campaign=AR-0095,https://www.angelorabeloimoveis.com.br/catalogo/img/AR-0095.jpg?v=0c49c1edc295,https://www.angelorabeloimoveis.com.br/assets/imoveis/og/AR-0095.jpg,Rabêlo Imóveis,Casa em condomínio,Gravatá,Venda
AR-0097,AR-0097 · Lote em condominio Chã Grande,"Oportunidade de investimento em localização estratégica. 🏡 1521 m². 💰 R$ 140.000. Agende sua visita e venha se encantar! 📲

Código AR-0097 · Angelo Rabêlo, Corretor CRECI-PE 9560 · WhatsApp (81) 99383-7490",in stock,new,140000.00 BRL,https://www.angelorabeloimoveis.com.br/imovel/AR-0097/?utm_source=whatsapp&utm_medium=catalogo&utm_campaign=AR-0097,https://www.angelorabeloimoveis.com.br/catalogo/img/AR-0097.jpg?v=f7aac670c65a,https://www.angelorabeloimoveis.com.br/assets/imoveis/og/AR-0097.jpg,Rabêlo Imóveis,Lotes,Chã Grande,Venda
AR-0099,AR-0099 · Haras à Venda – Excelente Localização às Margens da PE-58,"Espaço, natureza e potencial de valorização no Agreste pernambucano. 💰 R$ 1.600.000. Agende sua visita e venha se encantar! 📲

Código AR-0099 · Angelo Rabêlo, Corretor CRECI-PE 9560 · WhatsApp (81) 99383-7490",in stock,new,1600000.00 BRL,https://www.angelorabeloimoveis.com.br/imovel/AR-0099/?utm_source=whatsapp&utm_medium=catalogo&utm_campaign=AR-0099,https://www.angelorabeloimoveis.com.br/catalogo/img/AR-0099.jpg?v=22dceb85b475,https://www.angelorabeloimoveis.com.br/assets/imoveis/og/AR-0099.jpg,Rabêlo Imóveis,Haras,,Venda
AR-0100,AR-0100 · Casa em Condomínio à Venda – Próximo ao Villa Hípica | Gravatá/PE,"Conforto, localização e oportunidade em um só lugar. 🏡 2 quartos (1 suíte), 1 banheiro, 1 vaga, 75 m². 💰 R$ 280.000. Agende sua visita e venha se encantar! 📲

Código AR-0100 · Angelo Rabêlo, Corretor CRECI-PE 9560 · WhatsApp (81) 99383-7490",in stock,new,280000.00 BRL,https://www.angelorabeloimoveis.com.br/imovel/AR-0100/?utm_source=whatsapp&utm_medium=catalogo&utm_campaign=AR-0100,https://www.angelorabeloimoveis.com.br/catalogo/img/AR-0100.jpg?v=b244a7e2e202,https://www.angelorabeloimoveis.com.br/assets/imoveis/og/AR-0100.jpg,Rabêlo Imóveis,Casa em condomínio,Gravatá,Venda
AR-0101,AR-0101 · Área à Venda em Pedra Miúda – Gravatá/PE,"Conforto, localização e oportunidade em um só lugar. 💰 R$ 750.000. Agende sua visita e venha se encantar! 📲

Código AR-0101 · Angelo Rabêlo, Corretor CRECI-PE 9560 · WhatsApp (81) 99383-7490",in stock,new,750000.00 BRL,https://www.angelorabeloimoveis.com.br/imovel/AR-0101/?utm_source=whatsapp&utm_medium=catalogo&utm_campaign=AR-0101,https://www.angelorabeloimoveis.com.br/catalogo/img/AR-0101.jpg?v=50fab975759d,https://www.angelorabeloimoveis.com.br/assets/imoveis/og/AR-0101.jpg,Rabêlo Imóveis,Outro,Gravatá,Venda
AR-0102,AR-0102 · Casa à Venda em Condomínio Fechado – Gravatá,"Conforto, localização e oportunidade em um só lugar. 🏡 3 quartos (2 suítes), 120 m². 💰 R$ 450.000. Agende sua visita e venha se encantar! 📲

Código AR-0102 · Angelo Rabêlo, Corretor CRECI-PE 9560 · WhatsApp (81) 99383-7490",in stock,new,450000.00 BRL,https://www.angelorabeloimoveis.com.br/imovel/AR-0102/?utm_source=whatsapp&utm_medium=catalogo&utm_campaign=AR-0102,https://www.angelorabeloimoveis.com.br/catalogo/img/AR-0102.jpg?v=366570576fb4,https://www.angelorabeloimoveis.com.br/assets/imoveis/og/AR-0102.jpg,Rabêlo Imóveis,Casa em condomínio,Gravatá,Venda
AR-0103,AR-0103 · Casa em Condomínio 4 quartos à Venda em Gravatá/PE,"Conforto, localização e oportunidade em um só lugar. 🏡 4 quartos (2 suítes). 💰 R$ 470.000. Agende sua visita e venha se encantar! 📲

Código AR-0103 · Angelo Rabêlo, Corretor CRECI-PE 9560 · WhatsApp (81) 99383-7490",in stock,new,470000.00 BRL,https://www.angelorabeloimoveis.com.br/imovel/AR-0103/?utm_source=whatsapp&utm_medium=catalogo&utm_campaign=AR-0103,https://www.angelorabeloimoveis.com.br/catalogo/img/AR-0103.jpg?v=99c4bd920d85,https://www.angelorabeloimoveis.com.br/assets/imoveis/og/AR-0103.jpg,Rabêlo Imóveis,Casa em condomínio,Gravatá,Venda
AR-0104,AR-0104 · Casa em Gravatá – Fora de Condomínio | Conforto e Lazer Completo,"Conforto, localização e oportunidade em um só lugar. 🏡 3 quartos (1 suíte). 💰 R$ 450.000. Agende sua visita e venha se encantar! 📲

Código AR-0104 · Angelo Rabêlo, Corretor CRECI-PE 9560 · WhatsApp (81) 99383-7490",in stock,new,450000.00 BRL,https://www.angelorabeloimoveis.com.br/imovel/AR-0104/?utm_source=whatsapp&utm_medium=catalogo&utm_campaign=AR-0104,https://www.angelorabeloimoveis.com.br/catalogo/img/AR-0104.jpg?v=207cd43cb30b,https://www.angelorabeloimoveis.com.br/assets/imoveis/og/AR-0104.jpg,Rabêlo Imóveis,Casa fora de condomínio,Gravatá,Venda
AR-0105,AR-0105 · Mini Chácara – Gravatá,"Espaço, natureza e potencial de valorização no Agreste pernambucano. 🏡 10 quartos (4 suítes), 2000 m². 💰 R$ 950.000. Agende sua visita e venha se encantar! 📲

Código AR-0105 · Angelo Rabêlo, Corretor CRECI-PE 9560 · WhatsApp (81) 99383-7490",in stock,new,950000.00 BRL,https://www.angelorabeloimoveis.com.br/imovel/AR-0105/?utm_source=whatsapp&utm_medium=catalogo&utm_campaign=AR-0105,https://www.angelorabeloimoveis.com.br/catalogo/img/AR-0105.jpg?v=f15753a64692,https://www.angelorabeloimoveis.com.br/assets/imoveis/og/AR-0105.jpg,Rabêlo Imóveis,Chácara,Gravatá,Venda
AR-0106,AR-0106 · Casa em Condomínio em Gravatá,"Conforto, localização e oportunidade em um só lugar. 🏡 3 quartos (1 suíte). 💰 R$ 350.000. Agende sua visita e venha se encantar! 📲

Código AR-0106 · Angelo Rabêlo, Corretor CRECI-PE 9560 · WhatsApp (81) 99383-7490",in stock,new,350000.00 BRL,https://www.angelorabeloimoveis.com.br/imovel/AR-0106/?utm_source=whatsapp&utm_medium=catalogo&utm_campaign=AR-0106,https://www.angelorabeloimoveis.com.br/catalogo/img/AR-0106.jpg?v=7f4e429a201e,https://www.angelorabeloimoveis.com.br/assets/imoveis/og/AR-0106.jpg,Rabêlo Imóveis,Casa em condomínio,Gravatá,Venda
AR-0107,AR-0107 · Casa Nova em Condomínio – Gravatá/PE,"Conforto, localização e oportunidade em um só lugar. 🏡 4 quartos (4 suítes). 💰 R$ 950.000. Agende sua visita e venha se encantar! 📲

Código AR-0107 · Angelo Rabêlo, Corretor CRECI-PE 9560 · WhatsApp (81) 99383-7490",in stock,new,950000.00 BRL,https://www.angelorabeloimoveis.com.br/imovel/AR-0107/?utm_source=whatsapp&utm_medium=catalogo&utm_campaign=AR-0107,https://www.angelorabeloimoveis.com.br/catalogo/img/AR-0107.jpg?v=95cf05915b07,https://www.angelorabeloimoveis.com.br/assets/imoveis/og/AR-0107.jpg,Rabêlo Imóveis,Casa em condomínio,Gravatá,Venda
AR-0109,AR-0109 · Casa em Condomínio 4 quartos à Venda em Gravatá/PE,"Conforto, localização e oportunidade em um só lugar. 🏡 4 quartos (3 suítes), 1 vaga. 💰 R$ 1.100.000. Agende sua visita e venha se encantar! 📲

Código AR-0109 · Angelo Rabêlo, Corretor CRECI-PE 9560 · WhatsApp (81) 99383-7490",in stock,new,1100000.00 BRL,https://www.angelorabeloimoveis.com.br/imovel/AR-0109/?utm_source=whatsapp&utm_medium=catalogo&utm_campaign=AR-0109,https://www.angelorabeloimoveis.com.br/catalogo/img/AR-0109.jpg?v=2312ab8e0689,https://www.angelorabeloimoveis.com.br/assets/imoveis/og/AR-0109.jpg,Rabêlo Imóveis,Casa em condomínio,Gravatá,Venda
AR-0110,AR-0110 · Galpão à Venda em Gravatá/PE,"Localização privilegiada para o seu negócio crescer. 🏡 21 m². 💰 R$ 1.350.000. Agende sua visita e venha se encantar! 📲

Código AR-0110 · Angelo Rabêlo, Corretor CRECI-PE 9560 · WhatsApp (81) 99383-7490",in stock,new,1350000.00 BRL,https://www.angelorabeloimoveis.com.br/imovel/AR-0110/?utm_source=whatsapp&utm_medium=catalogo&utm_campaign=AR-0110,https://www.angelorabeloimoveis.com.br/catalogo/img/AR-0110.jpg?v=70326cecb768,https://www.angelorabeloimoveis.com.br/assets/imoveis/og/AR-0110.jpg,Rabêlo Imóveis,Galpão,Gravatá,Venda
AR-0111,AR-0111 · Lote 2.000 m² à Venda em Gravatá/PE,"Oportunidade de investimento em localização estratégica. 🏡 2000 m². 💰 R$ 450.000. Agende sua visita e venha se encantar! 📲

Código AR-0111 · Angelo Rabêlo, Corretor CRECI-PE 9560 · WhatsApp (81) 99383-7490",in stock,new,450000.00 BRL,https://www.angelorabeloimoveis.com.br/imovel/AR-0111/?utm_source=whatsapp&utm_medium=catalogo&utm_campaign=AR-0111,https://www.angelorabeloimoveis.com.br/catalogo/img/AR-0111.jpg?v=18496004a39a,https://www.angelorabeloimoveis.com.br/assets/imoveis/og/AR-0111.jpg,Rabêlo Imóveis,Lotes,Gravatá,Venda
AR-0112,AR-0112 · Lote 4.000 m² à Venda em Gravatá/PE,"Oportunidade de investimento em localização estratégica. 🏡 4000 m². 💰 R$ 600.000. Agende sua visita e venha se encantar! 📲

Código AR-0112 · Angelo Rabêlo, Corretor CRECI-PE 9560 · WhatsApp (81) 99383-7490",in stock,new,600000.00 BRL,https://www.angelorabeloimoveis.com.br/imovel/AR-0112/?utm_source=whatsapp&utm_medium=catalogo&utm_campaign=AR-0112,https://www.angelorabeloimoveis.com.br/catalogo/img/AR-0112.jpg?v=ab2294ce2516,https://www.angelorabeloimoveis.com.br/assets/imoveis/og/AR-0112.jpg,Rabêlo Imóveis,Lotes,Gravatá,Venda
AR-0114,AR-0114 · Casa em Condomínio 5 quartos à Venda em Gravatá/PE,"Conforto, localização e oportunidade em um só lugar. 🏡 5 quartos (3 suítes), 2 vagas, 12 m². 💰 R$ 1.200.000. Agende sua visita e venha se encantar! 📲

Código AR-0114 · Angelo Rabêlo, Corretor CRECI-PE 9560 · WhatsApp (81) 99383-7490",in stock,new,1200000.00 BRL,https://www.angelorabeloimoveis.com.br/imovel/AR-0114/?utm_source=whatsapp&utm_medium=catalogo&utm_campaign=AR-0114,https://www.angelorabeloimoveis.com.br/catalogo/img/AR-0114.jpg?v=cf2b858a6b10,https://www.angelorabeloimoveis.com.br/assets/imoveis/og/AR-0114.jpg,Rabêlo Imóveis,Casa em condomínio,Gravatá,Venda
AR-0115,AR-0115 · Casa 7 quartos à Venda em Gravatá/PE,"Conforto, localização e oportunidade em um só lugar. 🏡 7 quartos (1 suíte), 5 vagas. 💰 R$ 1.800.000. Agende sua visita e venha se encantar! 📲

Código AR-0115 · Angelo Rabêlo, Corretor CRECI-PE 9560 · WhatsApp (81) 99383-7490",in stock,new,1800000.00 BRL,https://www.angelorabeloimoveis.com.br/imovel/AR-0115/?utm_source=whatsapp&utm_medium=catalogo&utm_campaign=AR-0115,https://www.angelorabeloimoveis.com.br/catalogo/img/AR-0115.jpg?v=32e2b7b5e1f5,https://www.angelorabeloimoveis.com.br/assets/imoveis/og/AR-0115.jpg,Rabêlo Imóveis,Casa fora de condomínio,Gravatá,Venda
AR-0116,AR-0116 · Casa 4 quartos à Venda em Gravatá/PE,"Conforto, localização e oportunidade em um só lugar. 🏡 4 quartos (4 suítes), 3 vagas. 💰 R$ 1.200.000. Agende sua visita e venha se encantar! 📲

Código AR-0116 · Angelo Rabêlo, Corretor CRECI-PE 9560 · WhatsApp (81) 99383-7490",in stock,new,1200000.00 BRL,https://www.angelorabeloimoveis.com.br/imovel/AR-0116/?utm_source=whatsapp&utm_medium=catalogo&utm_campaign=AR-0116,https://www.angelorabeloimoveis.com.br/catalogo/img/AR-0116.jpg?v=b85d82a009d5,https://www.angelorabeloimoveis.com.br/assets/imoveis/og/AR-0116.jpg,Rabêlo Imóveis,Casa fora de condomínio,Gravatá,Venda
AR-0117,AR-0117 · Imóvel à Venda em Gravatá/PE,"Conforto, localização e oportunidade em um só lugar. 🏡 14.4 m². 💰 R$ 4.000.000. Agende sua visita e venha se encantar! 📲

Código AR-0117 · Angelo Rabêlo, Corretor CRECI-PE 9560 · WhatsApp (81) 99383-7490",in stock,new,4000000.00 BRL,https://www.angelorabeloimoveis.com.br/imovel/AR-0117/?utm_source=whatsapp&utm_medium=catalogo&utm_campaign=AR-0117,https://www.angelorabeloimoveis.com.br/catalogo/img/AR-0117.jpg?v=369d680b0ab8,https://www.angelorabeloimoveis.com.br/assets/imoveis/og/AR-0117.jpg,Rabêlo Imóveis,Outro,Gravatá,Venda
AR-0118,"AR-0118 · Fazenda 26,38 ha à Venda em Gravatá/PE","Espaço, natureza e potencial de valorização no Agreste pernambucano. 💰 R$ 13.000.000. Agende sua visita e venha se encantar! 📲

Código AR-0118 · Angelo Rabêlo, Corretor CRECI-PE 9560 · WhatsApp (81) 99383-7490",in stock,new,13000000.00 BRL,https://www.angelorabeloimoveis.com.br/imovel/AR-0118/?utm_source=whatsapp&utm_medium=catalogo&utm_campaign=AR-0118,https://www.angelorabeloimoveis.com.br/catalogo/img/AR-0118.jpg?v=b55185bc109c,https://www.angelorabeloimoveis.com.br/assets/imoveis/og/AR-0118.jpg,Rabêlo Imóveis,Fazenda,Gravatá,Venda
AR-0119,AR-0119 · Flat Garden à Venda em Muro Alto,"Conforto, localização e oportunidade em um só lugar. 🏡 1 banheiro, 1 vaga, 32 m². 💰 R$ 600.000. Agende sua visita e venha se encantar! 📲

Código AR-0119 · Angelo Rabêlo, Corretor CRECI-PE 9560 · WhatsApp (81) 99383-7490",in stock,new,600000.00 BRL,https://www.angelorabeloimoveis.com.br/imovel/AR-0119/?utm_source=whatsapp&utm_medium=catalogo&utm_campaign=AR-0119,https://www.angelorabeloimoveis.com.br/catalogo/img/AR-0119.jpg?v=e55a4298b87d,https://www.angelorabeloimoveis.com.br/assets/imoveis/og/AR-0119.jpg,Rabêlo Imóveis,Flat,Ipojuca,Venda
AR-0121,AR-0121 · Área Comercial no centro de Gravatá,"Oportunidade comercial em localização privilegiada. 🏡 12.400 m². 💰 R$ 6.000.000. Agende sua visita e venha se encantar! 📲

Código AR-0121 · Angelo Rabêlo, Corretor CRECI-PE 9560 · WhatsApp (81) 99383-7490",in stock,new,6000000.00 BRL,https://www.angelorabeloimoveis.com.br/imovel/AR-0121/?utm_source=whatsapp&utm_medium=catalogo&utm_campaign=AR-0121,https://www.angelorabeloimoveis.com.br/catalogo/img/AR-0121.jpg?v=a44745dc6277,https://www.angelorabeloimoveis.com.br/assets/imoveis/og/AR-0121.jpg,Rabêlo Imóveis,Área comercial,Gravatá,Venda
AR-0122,"AR-0122 · Casa fora de condomínio em Nova Gravatá, Gravatá","Conforto, elegância e localização — tudo em um só imóvel. 🏡 3 quartos (1 suíte), 2 banheiros, 1 vaga, 90 m². 💰 R$ 425.000. Chama no WhatsApp e realize esse sonho. 🤝

Código AR-0122 · Angelo Rabêlo, Corretor CRECI-PE 9560 · WhatsApp (81) 99383-7490",in stock,new,425000.00 BRL,https://www.angelorabeloimoveis.com.br/imovel/AR-0122/?utm_source=whatsapp&utm_medium=catalogo&utm_campaign=AR-0122,https://www.angelorabeloimoveis.com.br/catalogo/img/AR-0122.jpg?v=79f13c3534f9,https://www.angelorabeloimoveis.com.br/assets/imoveis/og/AR-0122.jpg,Rabêlo Imóveis,Casa fora de condomínio,Gravatá,Venda
AR-0123,AR-0123 · Casa em condomínio em Gravatá,"Conforto, elegância e localização — tudo em um só imóvel. 🏡 5 quartos (4 suítes), 5 banheiros, 4 vagas, 240 m². 💰 R$ 850.000. Chama no WhatsApp e realize esse sonho. 🤝

Código AR-0123 · Angelo Rabêlo, Corretor CRECI-PE 9560 · WhatsApp (81) 99383-7490",in stock,new,850000.00 BRL,https://www.angelorabeloimoveis.com.br/imovel/AR-0123/?utm_source=whatsapp&utm_medium=catalogo&utm_campaign=AR-0123,https://www.angelorabeloimoveis.com.br/catalogo/img/AR-0123.jpg?v=0b51728c85d0,https://www.angelorabeloimoveis.com.br/assets/imoveis/og/AR-0123.jpg,Rabêlo Imóveis,Casa em condomínio,Gravatá,Venda
AR-0124,"AR-0124 · Chácara Zona Rural, Tamandaré 20ha","Uma verdadeira joia rural a 2 km do mar! 🌿 Chácara de 20 ha com 3 quartos e 2 banheiros. 💰 R$ 3.000.000. Fale comigo agora e garanta essa oportunidade! 🔑

Código AR-0124 · Angelo Rabêlo, Corretor CRECI-PE 9560 · WhatsApp (81) 99383-7490",in stock,new,3000000.00 BRL,https://www.angelorabeloimoveis.com.br/imovel/AR-0124/?utm_source=whatsapp&utm_medium=catalogo&utm_campaign=AR-0124,https://www.angelorabeloimoveis.com.br/catalogo/img/AR-0124.jpg?v=c18f207a9c22,https://www.angelorabeloimoveis.com.br/assets/imoveis/og/AR-0124.jpg,Rabêlo Imóveis,Chácara,Tamandaré,Venda
AR-0125,"AR-0125 · Apartamento em Serra do mato, Gravatá","Conforto, elegância e localização — tudo em um só imóvel. 🏡 2 quartos (1 suíte), 1 banheiro, 2 vagas, 85 m². 💰 R$ 550.000. Chama no WhatsApp e realize esse sonho. 🤝

Código AR-0125 · Angelo Rabêlo, Corretor CRECI-PE 9560 · WhatsApp (81) 99383-7490",in stock,new,550000.00 BRL,https://www.angelorabeloimoveis.com.br/imovel/AR-0125/?utm_source=whatsapp&utm_medium=catalogo&utm_campaign=AR-0125,https://www.angelorabeloimoveis.com.br/catalogo/img/AR-0125.jpg?v=70365e8d9851,https://www.angelorabeloimoveis.com.br/assets/imoveis/og/AR-0125.jpg,Rabêlo Imóveis,Apartamento,Gravatá,"Venda, Aluguel"
AR-0126,AR-0126 · AREA COMERCIAL AVENIDA PERIMETRAL,"Conforto, elegância e localização — tudo em um só imóvel. 🏡 1.250 m². 💰 R$ 600.000. Chama no WhatsApp e realize esse sonho. 🤝

Código AR-0126 · Angelo Rabêlo, Corretor CRECI-PE 9560 · WhatsApp (81) 99383-7490",in stock,new,600000.00 BRL,https://www.angelorabeloimoveis.com.br/imovel/AR-0126/?utm_source=whatsapp&utm_medium=catalogo&utm_campaign=AR-0126,https://www.angelorabeloimoveis.com.br/catalogo/img/AR-0126.jpg?v=9231b658bed8,https://www.angelorabeloimoveis.com.br/assets/imoveis/og/AR-0126.jpg,Rabêlo Imóveis,Casa fora de condomínio,Gravatá,Venda
AR-0127,AR-0127 · AREA COMERCIAL AV CICERO BATISTA,"Oportunidade comercial em localização privilegiada. 🏡 2.112 m². 💰 R$ 2.300.000. Agende sua visita e venha se encantar! 📲

Código AR-0127 · Angelo Rabêlo, Corretor CRECI-PE 9560 · WhatsApp (81) 99383-7490",in stock,new,2300000.00 BRL,https://www.angelorabeloimoveis.com.br/imovel/AR-0127/?utm_source=whatsapp&utm_medium=catalogo&utm_campaign=AR-0127,https://www.angelorabeloimoveis.com.br/catalogo/img/AR-0127.jpg?v=39b997b13bb1,https://www.angelorabeloimoveis.com.br/assets/imoveis/og/AR-0127.jpg,Rabêlo Imóveis,Área comercial,Gravatá,Venda
AR-0129,AR-0129 · HARAS COMPLETO À VENDA EM POMBOS – PE,"Conforto, elegância e localização — tudo em um só imóvel. 🏡 Casa fora de condomínio em Pombos. 💰 R$ 1.850.000. Chama no WhatsApp e realize esse sonho. 🤝

Código AR-0129 · Angelo Rabêlo, Corretor CRECI-PE 9560 · WhatsApp (81) 99383-7490",in stock,new,1850000.00 BRL,https://www.angelorabeloimoveis.com.br/imovel/AR-0129/?utm_source=whatsapp&utm_medium=catalogo&utm_campaign=AR-0129,https://www.angelorabeloimoveis.com.br/catalogo/img/AR-0129.jpg?v=0e6fcad6cd62,https://www.angelorabeloimoveis.com.br/assets/imoveis/og/AR-0129.jpg,Rabêlo Imóveis,Casa fora de condomínio,Pombos,Venda
AR-0130,"AR-0130 · Mansão em Condomínio de Alto Padrão, Gravatá","Imagine reunir a família inteira… e ainda sobrar suíte para os amigos. 👑 São 12 SUÍTES em 2.000 m² construídos, num terreno de 2.520 m², dentro de condomínio fechado com portaria 24h no Santana, em Gravatá. ✨ O que te espera: • 12 suítes + 18 banheiros no total (incluindo lazer, salão de festas e dependência de funcionários) • 20 vagas de garagem • Piscina, sauna, academia e área gourmet com churrasqueira • Lareira para as noites frias da serra 🔥 • Terraço com vista panorâmica, jardim, pomar e playground • Ar-condicionado, canil e cisterna Não é só uma casa. É o endereço onde as melhores histórias da sua família vão acontecer. 💰 R$ 9.000.000 📲 Imóveis desse nível não ficam muito tempo disponíveis. Agende sua visita exclusiva pelo WhatsApp.

Código AR-0130 · Angelo Rabêlo, Corretor CRECI-PE 9560 · WhatsApp (81) 99383-7490",in stock,new,9000000.00 BRL,https://www.angelorabeloimoveis.com.br/imovel/AR-0130/?utm_source=whatsapp&utm_medium=catalogo&utm_campaign=AR-0130,https://www.angelorabeloimoveis.com.br/catalogo/img/AR-0130.jpg?v=dade3e4eff2d,,Rabêlo Imóveis,Casa em condomínio,Gravatá,Venda
AR-0131,"AR-0131 · Fazenda Leão de Judá – 80 ha, Bonito/PE","Aqui, água não é problema. É o maior patrimônio. 💧 80 hectares prontos para produzir, com entrada direto pela PE-103 e a apenas 2 km da cidade. 🌿 Estrutura que trabalha por você: • Olhos d'água e açude alimentado por nascentes internas • Poço de água potável com vazão de 7 mil litros/hora • 2 ha de capim-açu irrigado (bomba de 15 cv com 1 ano de uso) • Curral de 550 m² com brete, pescoceira, vazieira e balança • 40 m de cochos pré-moldados — trato para 80 bois no verão • Galpão 20x25 com pavimento superior • Energia trifásica e piçarreira de excelente qualidade • Casa conjugada (flat + casa de 2 quartos) e garagem para 3 veículos 📜 Escriturada e sem débitos fiscais. 💰 R$ 6.500.000 🔑 Fazenda com água, acesso e documentação em dia é raridade no Agreste. Fale comigo e agende sua visita.

Código AR-0131 · Angelo Rabêlo, Corretor CRECI-PE 9560 · WhatsApp (81) 99383-7490",in stock,new,6500000.00 BRL,https://www.angelorabeloimoveis.com.br/imovel/AR-0131/?utm_source=whatsapp&utm_medium=catalogo&utm_campaign=AR-0131,https://www.angelorabeloimoveis.com.br/catalogo/img/AR-0131.jpg?v=4143777c5395,,Rabêlo Imóveis,Fazenda,Bonito,Venda
AR-0132,"AR-0132 · Apartamento no Colina Residence, Gravatá","4 quartos na serra por R$ 600 mil. Sim, você leu certo. 😮 No Condomínio Colina Residence, em Gravatá: espaço de sobra para a família inteira subir a serra junta. 🏡 Destaques: • 4 quartos, sendo 3 suítes • Banheiro social + banheiro de serviço • 2 vagas de garagem • O clima ameno de Gravatá o ano inteiro 🌄 Ideal para morar ou para transformar o fim de semana em tradição de família. 💰 R$ 600.000 📲 Com esse custo-benefício, a procura vai ser alta. Chama no WhatsApp e agende sua visita.

Código AR-0132 · Angelo Rabêlo, Corretor CRECI-PE 9560 · WhatsApp (81) 99383-7490",in stock,new,600000.00 BRL,https://www.angelorabeloimoveis.com.br/imovel/AR-0132/?utm_source=whatsapp&utm_medium=catalogo&utm_campaign=AR-0132,https://www.angelorabeloimoveis.com.br/catalogo/img/AR-0132.jpg?v=d4cdcff18498,,Rabêlo Imóveis,Apartamento em condomínio,Gravatá,Venda
AR-0133,AR-0133 · Apartamento em Gravatá,"Trocar o calor da capital pelo friozinho da serra custa menos do que você imagina. ❄️ 🏡 72 m² bem aproveitados: • 2 quartos, sendo 1 suíte • Banheiro social • Sala e cozinha integradas • 1 vaga de garagem Perfeito para morar com tranquilidade ou ter o seu cantinho para fins de semana e feriados em Gravatá. 💰 R$ 350.000 📲 Primeiro imóvel na serra? Esse é o ponto de partida. Chama no WhatsApp.

Código AR-0133 · Angelo Rabêlo, Corretor CRECI-PE 9560 · WhatsApp (81) 99383-7490",in stock,new,350000.00 BRL,https://www.angelorabeloimoveis.com.br/imovel/AR-0133/?utm_source=whatsapp&utm_medium=catalogo&utm_campaign=AR-0133,https://www.angelorabeloimoveis.com.br/catalogo/img/AR-0133.jpg?v=47a5b6ef9158,,Rabêlo Imóveis,Apartamento em condomínio,Gravatá,Venda
AR-0134,"AR-0134 · Casa em condomínio em Baviera, Gravatá","Casa em condomínio em Gravatá por R$ 320 mil? Essa é pra quem decide rápido. ⚡ No tranquilo Baviera, com sol da manhã e jardim planejado: 🏡 120 m² de área útil • 3 quartos, sendo 1 suíte + banheiro social • Posição nascente — casa clara e ventilada ☀️ • Jardim, cisterna e 2 vagas de garagem • Segurança e sossego de condomínio familiar 💰 R$ 320.000 📲 Preço assim some rápido. Garanta sua visita pelo WhatsApp.

Código AR-0134 · Angelo Rabêlo, Corretor CRECI-PE 9560 · WhatsApp (81) 99383-7490",in stock,new,320000.00 BRL,https://www.angelorabeloimoveis.com.br/imovel/AR-0134/?utm_source=whatsapp&utm_medium=catalogo&utm_campaign=AR-0134,https://www.angelorabeloimoveis.com.br/catalogo/img/AR-0134.jpg?v=fd54087d0b5a,,Rabêlo Imóveis,Casa em condomínio,Gravatá,Venda
AR-0135,"AR-0135 · Fazenda Santa Alice – 38 ha às margens do Rio Ipojuca, Chã Grande/PE","Vizinha de um dos engenhos mais famosos de Pernambuco. E com a região crescendo ao redor. 🚀 São 38 hectares no eixo Gravatá–Chã Grande, o principal destino de segunda residência do Agreste, colados ao Engenho Sanhaçu — ponto turístico e casa da primeira cachaça orgânica certificada do estado. 💧 Água de sobra: • Limite com o Rio Ipojuca em toda a parte baixa • 2 açudes, um deles alimentado por minadouro que não seca • 2 nascentes de água potável, uma com cacimba 📍 Localização estratégica: • A 1,5 km da PE-071 e a 500 m do calçamento • Cerca de 15 km de Gravatá e 85 km do Recife • Dois condomínios fechados em construção no mesmo acesso 🌄 Relevo ondulado com vistas abertas, energia elétrica instalada e casa-sede simples. Imóvel desocupado e matrícula sem ônus. 🏗️ Terra com vocação para condomínio de lazer, pousada, turismo rural ou aquele refúgio de família cada vez mais raro tão perto da capital. 💰 R$ 3.500.000 🔑 Quem entende de terra sabe: localização não se fabrica. Fale comigo e agende sua visita.

Código AR-0135 · Angelo Rabêlo, Corretor CRECI-PE 9560 · WhatsApp (81) 99383-7490",in stock,new,3500000.00 BRL,https://www.angelorabeloimoveis.com.br/imovel/AR-0135/?utm_source=whatsapp&utm_medium=catalogo&utm_campaign=AR-0135,https://www.angelorabeloimoveis.com.br/catalogo/img/AR-0135.jpg?v=33a56e348d8b,"https://res.cloudinary.com/hjz5nlqr/image/upload/v1790420232/imoveis-site/fazenda-santa-alice-cha-grande/01.jpg,https://res.cloudinary.com/hjz5nlqr/image/upload/v1790420233/imoveis-site/fazenda-santa-alice-cha-grande/02.jpg,https://res.cloudinary.com/hjz5nlqr/image/upload/v1790420234/imoveis-site/fazenda-santa-alice-cha-grande/03.jpg,https://res.cloudinary.com/hjz5nlqr/image/upload/v1790420235/imoveis-site/fazenda-santa-alice-cha-grande/04.jpg,https://res.cloudinary.com/hjz5nlqr/image/upload/v1790420237/imoveis-site/fazenda-santa-alice-cha-grande/05.jpg",Rabêlo Imóveis,Fazenda,Chã Grande,Venda
AR-0136,"AR-0136 · Apartamento na Av. Boa Viagem, Recife-PE","Acordar com a Avenida Boa Viagem na porta: 180 m² de alto padrão em um dos endereços mais desejados do Recife. 🏡 4 quartos (3 suítes), 3 banheiros, 3 vagas, 180 m². 💰 R$ 3.350.000. Chama no WhatsApp e realize esse sonho. 🤝

Código AR-0136 · Angelo Rabêlo, Corretor CRECI-PE 9560 · WhatsApp (81) 99383-7490",in stock,new,3350000.00 BRL,https://www.angelorabeloimoveis.com.br/imovel/AR-0136/?utm_source=whatsapp&utm_medium=catalogo&utm_campaign=AR-0136,https://www.angelorabeloimoveis.com.br/catalogo/img/AR-0136.jpg?v=8b7a1c9da60c,,Rabêlo Imóveis,Apartamento em condomínio,Recife,Venda
AR-0137,AR-0137 · Casa em condomínio em Gravatá,"4 suítes, 250 m² e condomínio fechado em Gravatá por menos de R$ 600 mil — oportunidade rara para quem quer espaço de verdade. 🏡 4 quartos (4 suítes), 4 banheiros, 5 vagas, 250 m². 💰 R$ 590.000. Chama no WhatsApp e realize esse sonho. 🤝

Código AR-0137 · Angelo Rabêlo, Corretor CRECI-PE 9560 · WhatsApp (81) 99383-7490",in stock,new,590000.00 BRL,https://www.angelorabeloimoveis.com.br/imovel/AR-0137/?utm_source=whatsapp&utm_medium=catalogo&utm_campaign=AR-0137,https://www.angelorabeloimoveis.com.br/catalogo/img/AR-0137.jpg?v=412a55a7994c,,Rabêlo Imóveis,Casa em condomínio,Gravatá,Venda
AR-0138,"AR-0138 · Casa em condomínio, Gravatá-PE","3 suítes no Condomínio Colina de São Miguel, em Gravatá: segurança, tranquilidade e o clima da serra para viver ou curtir o fim de semana. 🏡 3 quartos (3 suítes), 3 banheiros, 4 vagas, 126 m². 💰 R$ 550.000. Chama no WhatsApp e realize esse sonho. 🤝

Código AR-0138 · Angelo Rabêlo, Corretor CRECI-PE 9560 · WhatsApp (81) 99383-7490",in stock,new,550000.00 BRL,https://www.angelorabeloimoveis.com.br/imovel/AR-0138/?utm_source=whatsapp&utm_medium=catalogo&utm_campaign=AR-0138,https://www.angelorabeloimoveis.com.br/catalogo/img/AR-0138.jpg?v=0b925df95820,,Rabêlo Imóveis,Casa em condomínio,Gravatá,Venda
AR-0139,"AR-0139 · Flat em condomínio, Gravatá-PE/Sairé-PE","Seu refúgio no Monte Castelo, em Sairé, por R$ 260 mil: flat em condomínio, perfeito para descansar ou investir. 🏡 1 quarto, 1 banheiro, 1 vaga, 50 m². 💰 R$ 260.000. Chama no WhatsApp e realize esse sonho. 🤝

Código AR-0139 · Angelo Rabêlo, Corretor CRECI-PE 9560 · WhatsApp (81) 99383-7490",in stock,new,260000.00 BRL,https://www.angelorabeloimoveis.com.br/imovel/AR-0139/?utm_source=whatsapp&utm_medium=catalogo&utm_campaign=AR-0139,https://www.angelorabeloimoveis.com.br/catalogo/img/AR-0139.jpg?v=678f68dd089d,,Rabêlo Imóveis,Flat,Sairé,Venda
AR-0140,"AR-0140 · Casa em condomínio, Gravatá-PE","Casa de 250 m² em terreno de 1.000 m² no Condomínio Bosque da Colina, em Gravatá: 5 quartos e espaço para a família inteira. 🏡 5 quartos (3 suítes), 3 banheiros, 6 vagas, 250 m². 💰 R$ 800.000. Chama no WhatsApp e realize esse sonho. 🤝

Código AR-0140 · Angelo Rabêlo, Corretor CRECI-PE 9560 · WhatsApp (81) 99383-7490",in stock,new,800000.00 BRL,https://www.angelorabeloimoveis.com.br/imovel/AR-0140/?utm_source=whatsapp&utm_medium=catalogo&utm_campaign=AR-0140,https://www.angelorabeloimoveis.com.br/catalogo/img/AR-0140.jpg?v=96e3f4e0017b,,Rabêlo Imóveis,Casa em condomínio,Gravatá,"Venda, Aluguel"
AR-0141,"AR-0141 · Prédio Comercial no centro, Gravatá-PE","Prédio comercial na Av. Governador Agamenon Magalhães, no coração de Gravatá: 175 m² para o seu negócio crescer onde o movimento acontece. 🏡 175 m². 💰 Consulte valores e disponibilidade. Agende sua visita e venha se encantar! 📲

Código AR-0141 · Angelo Rabêlo, Corretor CRECI-PE 9560 · WhatsApp (81) 99383-7490",in stock,new,5000.00 BRL,https://www.angelorabeloimoveis.com.br/imovel/AR-0141/?utm_source=whatsapp&utm_medium=catalogo&utm_campaign=AR-0141,https://www.angelorabeloimoveis.com.br/catalogo/img/AR-0141.jpg?v=430be87a2f96,,Rabêlo Imóveis,Prédio comercial,Gravatá,Aluguel
AR-0142,AR-0142 · Chácara em Gravatá,"Chácara em Porta Florada, Gravatá: casa de 250 m² em terreno de 2.400 m², com 8 vagas e o clima da serra a poucos minutos do centro. 🌿 Casa fora de condomínio com 3 quartos e 3 banheiros. 💰 R$ 680.000. Fale comigo agora e garanta essa oportunidade! 🔑

Código AR-0142 · Angelo Rabêlo, Corretor CRECI-PE 9560 · WhatsApp (81) 99383-7490",in stock,new,680000.00 BRL,https://www.angelorabeloimoveis.com.br/imovel/AR-0142/?utm_source=whatsapp&utm_medium=catalogo&utm_campaign=AR-0142,https://www.angelorabeloimoveis.com.br/catalogo/img/AR-0142.jpg?v=3daa9c8f6b87,,Rabêlo Imóveis,Casa fora de condomínio,Gravatá,Venda
AR-0143,"AR-0143 · Área Comercial na Via local, Gravatá-PE","Área comercial de 2.000 m² em Gravatá, na Travessa Santa Rita de Cássia: espaço de sobra para empreender ou investir na cidade que não para de crescer. 🏡 2.000 m². 💰 R$ 1.100.000. Agende sua visita e venha se encantar! 📲

Código AR-0143 · Angelo Rabêlo, Corretor CRECI-PE 9560 · WhatsApp (81) 99383-7490",in stock,new,1100000.00 BRL,https://www.angelorabeloimoveis.com.br/imovel/AR-0143/?utm_source=whatsapp&utm_medium=catalogo&utm_campaign=AR-0143,https://www.angelorabeloimoveis.com.br/catalogo/img/AR-0143.jpg?v=2ed5539298c8,,Rabêlo Imóveis,Área comercial,Gravatá,Venda
AR-0144,AR-0144 · Chácara em Gravatá,"Uma verdadeira joia rural em Gravatá! Chácara para viver o sossego do campo ou curtir os fins de semana com a família. 🌿 Chácara com 2 quartos e 2 banheiros. 💰 R$ 1.500.000. Fale comigo agora e garanta essa oportunidade! 🔑

Código AR-0144 · Angelo Rabêlo, Corretor CRECI-PE 9560 · WhatsApp (81) 99383-7490",in stock,new,1500000.00 BRL,https://www.angelorabeloimoveis.com.br/imovel/AR-0144/?utm_source=whatsapp&utm_medium=catalogo&utm_campaign=AR-0144,https://www.angelorabeloimoveis.com.br/catalogo/img/AR-0144.jpg?v=1bc878441b84,,Rabêlo Imóveis,Chácara,Gravatá,Venda
AR-0145,"AR-0145 · Casa em condomínio, Gravatá-PE","6 suítes, 365 m² em terreno de 1.000 m² e condomínio fechado em Sairé, vizinho a Gravatá: espaço e conforto para receber a família inteira. 🏡 6 quartos (6 suítes), 6 banheiros, 4 vagas, 365 m². 💰 R$ 2.900.000. Chama no WhatsApp e realize esse sonho. 🤝

Código AR-0145 · Angelo Rabêlo, Corretor CRECI-PE 9560 · WhatsApp (81) 99383-7490",in stock,new,2900000.00 BRL,https://www.angelorabeloimoveis.com.br/imovel/AR-0145/?utm_source=whatsapp&utm_medium=catalogo&utm_campaign=AR-0145,https://www.angelorabeloimoveis.com.br/catalogo/img/AR-0145.jpg?v=b3356f789df6,,Rabêlo Imóveis,Casa em condomínio,Sairé,Venda
AR-0146,"AR-0146 · Apartamento Beira-Mar em Piedade, Jaboatão dos Guararapes-PE","Beira-mar de Piedade: 4 suítes e 130 m² com o mar como vizinho. 🏡 4 quartos (4 suítes), 4 banheiros, 2 vagas, 130 m². 💰 R$ 900.000. Chama no WhatsApp e realize esse sonho. 🤝

Código AR-0146 · Angelo Rabêlo, Corretor CRECI-PE 9560 · WhatsApp (81) 99383-7490",in stock,new,900000.00 BRL,https://www.angelorabeloimoveis.com.br/imovel/AR-0146/?utm_source=whatsapp&utm_medium=catalogo&utm_campaign=AR-0146,https://www.angelorabeloimoveis.com.br/catalogo/img/AR-0146.jpg?v=f04fa3ef13c6,,Rabêlo Imóveis,Apartamento em condomínio,Jaboatão dos Guararapes,Venda
AR-0147,"AR-0147 · Casa em condomínio em Loteamento Santana, Gravatá","Casa em condomínio no Loteamento Santana, Gravatá: 3 quartos e 126 m² por R$ 500 mil — ótima entrada para morar ou investir na serra. 🏡 3 quartos (1 suíte), 1 banheiro, 2 vagas, 126 m². 💰 R$ 500.000. Chama no WhatsApp e realize esse sonho. 🤝

Código AR-0147 · Angelo Rabêlo, Corretor CRECI-PE 9560 · WhatsApp (81) 99383-7490",in stock,new,500000.00 BRL,https://www.angelorabeloimoveis.com.br/imovel/AR-0147/?utm_source=whatsapp&utm_medium=catalogo&utm_campaign=AR-0147,https://www.angelorabeloimoveis.com.br/catalogo/img/AR-0147.jpg?v=88895accd94c,,Rabêlo Imóveis,Casa em condomínio,Gravatá,Venda
AR-0148,"AR-0148 · Apartamento em Boa Viagem, Recife-PE","Boa Viagem com 3 suítes e 173 m²: alto padrão em um dos bairros mais valorizados do Recife. 🏡 3 quartos (3 suítes), 3 banheiros, 3 vagas, 173 m². 💰 R$ 2.150.000. Chama no WhatsApp e realize esse sonho. 🤝

Código AR-0148 · Angelo Rabêlo, Corretor CRECI-PE 9560 · WhatsApp (81) 99383-7490",in stock,new,2150000.00 BRL,https://www.angelorabeloimoveis.com.br/imovel/AR-0148/?utm_source=whatsapp&utm_medium=catalogo&utm_campaign=AR-0148,https://www.angelorabeloimoveis.com.br/catalogo/img/AR-0148.jpg?v=4083b1ff5a21,,Rabêlo Imóveis,Apartamento em condomínio,Recife,Venda
